loss,val_loss,time_this_iter_s,should_checkpoint,done,timesteps_total,episodes_total,training_iteration,trial_id,experiment_id,date,timestamp,time_total_s,pid,hostname,node_ip,time_since_restore,timesteps_since_restore,iterations_since_restore
6.24369478225708,4.723417282104492,4.371906042098999,True,False,,,1,b8583_00157,a71cda3b770d40138350e2e5eeeda7a7,2021-11-28_13-50-20,1638107420,4.371906042098999,41603,766cc67070bd,172.17.0.2,4.371906042098999,0,1
6.241106986999512,4.723278999328613,0.9654932022094727,True,False,,,2,b8583_00157,a71cda3b770d40138350e2e5eeeda7a7,2021-11-28_13-50-21,1638107421,5.337399244308472,41603,766cc67070bd,172.17.0.2,5.337399244308472,0,2
6.233442306518555,4.722952842712402,1.0003840923309326,True,False,,,3,b8583_00157,a71cda3b770d40138350e2e5eeeda7a7,2021-11-28_13-50-22,1638107422,6.337783336639404,41603,766cc67070bd,172.17.0.2,6.337783336639404,0,3
6.221007823944092,4.722531795501709,1.145127534866333,True,False,,,4,b8583_00157,a71cda3b770d40138350e2e5eeeda7a7,2021-11-28_13-50-23,1638107423,7.482910871505737,41603,766cc67070bd,172.17.0.2,7.482910871505737,0,4
6.202010631561279,4.721983432769775,1.3683967590332031,True,False,,,5,b8583_00157,a71cda3b770d40138350e2e5eeeda7a7,2021-11-28_13-50-24,1638107424,8.85130763053894,41603,766cc67070bd,172.17.0.2,8.85130763053894,0,5
6.187963962554932,4.7211408615112305,1.2400295734405518,True,False,,,6,b8583_00157,a71cda3b770d40138350e2e5eeeda7a7,2021-11-28_13-50-26,1638107426,10.091337203979492,41603,766cc67070bd,172.17.0.2,10.091337203979492,0,6
6.191671848297119,4.7200236320495605,0.9459686279296875,True,False,,,7,b8583_00157,a71cda3b770d40138350e2e5eeeda7a7,2021-11-28_13-50-27,1638107427,11.03730583190918,41603,766cc67070bd,172.17.0.2,11.03730583190918,0,7
6.184750080108643,4.718840599060059,1.389732837677002,True,False,,,8,b8583_00157,a71cda3b770d40138350e2e5eeeda7a7,2021-11-28_13-50-28,1638107428,12.427038669586182,41603,766cc67070bd,172.17.0.2,12.427038669586182,0,8
6.176666736602783,4.717325210571289,1.04249906539917,True,False,,,9,b8583_00157,a71cda3b770d40138350e2e5eeeda7a7,2021-11-28_13-50-29,1638107429,13.469537734985352,41603,766cc67070bd,172.17.0.2,13.469537734985352,0,9
6.1710734367370605,4.715497970581055,0.8576297760009766,True,False,,,10,b8583_00157,a71cda3b770d40138350e2e5eeeda7a7,2021-11-28_13-50-30,1638107430,14.327167510986328,41603,766cc67070bd,172.17.0.2,14.327167510986328,0,10
6.157716751098633,4.713142395019531,0.8968415260314941,True,False,,,11,b8583_00157,a71cda3b770d40138350e2e5eeeda7a7,2021-11-28_13-50-31,1638107431,15.224009037017822,41603,766cc67070bd,172.17.0.2,15.224009037017822,0,11
6.169036388397217,4.710474491119385,0.8532004356384277,True,False,,,12,b8583_00157,a71cda3b770d40138350e2e5eeeda7a7,2021-11-28_13-50-32,1638107432,16.07720947265625,41603,766cc67070bd,172.17.0.2,16.07720947265625,0,12
6.149724960327148,4.7073869705200195,0.860893726348877,True,False,,,13,b8583_00157,a71cda3b770d40138350e2e5eeeda7a7,2021-11-28_13-50-32,1638107432,16.938103199005127,41603,766cc67070bd,172.17.0.2,16.938103199005127,0,13
6.180316925048828,4.7042388916015625,0.8768234252929688,True,False,,,14,b8583_00157,a71cda3b770d40138350e2e5eeeda7a7,2021-11-28_13-50-33,1638107433,17.814926624298096,41603,766cc67070bd,172.17.0.2,17.814926624298096,0,14
6.145031929016113,4.701125144958496,0.8978149890899658,True,False,,,15,b8583_00157,a71cda3b770d40138350e2e5eeeda7a7,2021-11-28_13-50-34,1638107434,18.71274161338806,41603,766cc67070bd,172.17.0.2,18.71274161338806,0,15
6.146290302276611,4.698003768920898,0.8966469764709473,True,False,,,16,b8583_00157,a71cda3b770d40138350e2e5eeeda7a7,2021-11-28_13-50-35,1638107435,19.60938858985901,41603,766cc67070bd,172.17.0.2,19.60938858985901,0,16
6.133206844329834,4.6948394775390625,0.9367702007293701,True,False,,,17,b8583_00157,a71cda3b770d40138350e2e5eeeda7a7,2021-11-28_13-50-36,1638107436,20.54615879058838,41603,766cc67070bd,172.17.0.2,20.54615879058838,0,17
6.127140998840332,4.691793918609619,2.795780897140503,True,False,,,18,b8583_00157,a71cda3b770d40138350e2e5eeeda7a7,2021-11-28_13-50-39,1638107439,23.341939687728882,41603,766cc67070bd,172.17.0.2,23.341939687728882,0,18
6.136876583099365,4.688784599304199,0.872189998626709,True,False,,,19,b8583_00157,a71cda3b770d40138350e2e5eeeda7a7,2021-11-28_13-50-40,1638107440,24.21412968635559,41603,766cc67070bd,172.17.0.2,24.21412968635559,0,19
6.139865398406982,4.6859540939331055,0.8677880764007568,True,False,,,20,b8583_00157,a71cda3b770d40138350e2e5eeeda7a7,2021-11-28_13-50-41,1638107441,25.081917762756348,41603,766cc67070bd,172.17.0.2,25.081917762756348,0,20
6.13719367980957,4.683176040649414,0.8148787021636963,True,False,,,21,b8583_00157,a71cda3b770d40138350e2e5eeeda7a7,2021-11-28_13-50-41,1638107441,25.896796464920044,41603,766cc67070bd,172.17.0.2,25.896796464920044,0,21
6.141613483428955,4.6803998947143555,0.8792946338653564,True,False,,,22,b8583_00157,a71cda3b770d40138350e2e5eeeda7a7,2021-11-28_13-50-42,1638107442,26.7760910987854,41603,766cc67070bd,172.17.0.2,26.7760910987854,0,22
6.135667324066162,4.677844524383545,0.8994989395141602,True,False,,,23,b8583_00157,a71cda3b770d40138350e2e5eeeda7a7,2021-11-28_13-50-43,1638107443,27.67559003829956,41603,766cc67070bd,172.17.0.2,27.67559003829956,0,23
6.107833385467529,4.675368785858154,0.9206430912017822,True,False,,,24,b8583_00157,a71cda3b770d40138350e2e5eeeda7a7,2021-11-28_13-50-44,1638107444,28.596233129501343,41603,766cc67070bd,172.17.0.2,28.596233129501343,0,24
6.1184492111206055,4.672821998596191,1.0483849048614502,True,False,,,25,b8583_00157,a71cda3b770d40138350e2e5eeeda7a7,2021-11-28_13-50-45,1638107445,29.644618034362793,41603,766cc67070bd,172.17.0.2,29.644618034362793,0,25
6.131372451782227,4.67034912109375,0.8456170558929443,True,False,,,26,b8583_00157,a71cda3b770d40138350e2e5eeeda7a7,2021-11-28_13-50-46,1638107446,30.490235090255737,41603,766cc67070bd,172.17.0.2,30.490235090255737,0,26
6.12339973449707,4.668057441711426,0.8942739963531494,True,False,,,27,b8583_00157,a71cda3b770d40138350e2e5eeeda7a7,2021-11-28_13-50-47,1638107447,31.384509086608887,41603,766cc67070bd,172.17.0.2,31.384509086608887,0,27
6.107666969299316,4.665586948394775,0.8471283912658691,True,False,,,28,b8583_00157,a71cda3b770d40138350e2e5eeeda7a7,2021-11-28_13-50-48,1638107448,32.231637477874756,41603,766cc67070bd,172.17.0.2,32.231637477874756,0,28
6.104633331298828,4.663169860839844,0.8573851585388184,True,False,,,29,b8583_00157,a71cda3b770d40138350e2e5eeeda7a7,2021-11-28_13-50-49,1638107449,33.089022636413574,41603,766cc67070bd,172.17.0.2,33.089022636413574,0,29
6.117199420928955,4.660726547241211,0.8985264301300049,True,False,,,30,b8583_00157,a71cda3b770d40138350e2e5eeeda7a7,2021-11-28_13-50-50,1638107450,33.98754906654358,41603,766cc67070bd,172.17.0.2,33.98754906654358,0,30
6.100972652435303,4.6585493087768555,1.4218871593475342,True,False,,,31,b8583_00157,a71cda3b770d40138350e2e5eeeda7a7,2021-11-28_13-50-51,1638107451,35.40943622589111,41603,766cc67070bd,172.17.0.2,35.40943622589111,0,31
6.116295337677002,4.656418800354004,0.8652036190032959,True,False,,,32,b8583_00157,a71cda3b770d40138350e2e5eeeda7a7,2021-11-28_13-50-52,1638107452,36.27463984489441,41603,766cc67070bd,172.17.0.2,36.27463984489441,0,32
6.113471508026123,4.6542510986328125,0.8828332424163818,True,False,,,33,b8583_00157,a71cda3b770d40138350e2e5eeeda7a7,2021-11-28_13-50-53,1638107453,37.15747308731079,41603,766cc67070bd,172.17.0.2,37.15747308731079,0,33
6.105502128601074,4.65230131149292,0.8414525985717773,True,False,,,34,b8583_00157,a71cda3b770d40138350e2e5eeeda7a7,2021-11-28_13-50-54,1638107454,37.99892568588257,41603,766cc67070bd,172.17.0.2,37.99892568588257,0,34
6.10324239730835,4.650628089904785,0.8213036060333252,True,False,,,35,b8583_00157,a71cda3b770d40138350e2e5eeeda7a7,2021-11-28_13-50-54,1638107454,38.820229291915894,41603,766cc67070bd,172.17.0.2,38.820229291915894,0,35
6.1052961349487305,4.649044513702393,0.8702340126037598,True,False,,,36,b8583_00157,a71cda3b770d40138350e2e5eeeda7a7,2021-11-28_13-50-55,1638107455,39.69046330451965,41603,766cc67070bd,172.17.0.2,39.69046330451965,0,36
6.106005668640137,4.647371292114258,0.8619956970214844,True,False,,,37,b8583_00157,a71cda3b770d40138350e2e5eeeda7a7,2021-11-28_13-50-56,1638107456,40.55245900154114,41603,766cc67070bd,172.17.0.2,40.55245900154114,0,37
6.118532657623291,4.64579963684082,0.8426105976104736,True,False,,,38,b8583_00157,a71cda3b770d40138350e2e5eeeda7a7,2021-11-28_13-50-57,1638107457,41.39506959915161,41603,766cc67070bd,172.17.0.2,41.39506959915161,0,38
6.096350193023682,4.6444411277771,0.8422095775604248,True,False,,,39,b8583_00157,a71cda3b770d40138350e2e5eeeda7a7,2021-11-28_13-50-58,1638107458,42.237279176712036,41603,766cc67070bd,172.17.0.2,42.237279176712036,0,39
6.11163854598999,4.642959117889404,0.86264967918396,True,False,,,40,b8583_00157,a71cda3b770d40138350e2e5eeeda7a7,2021-11-28_13-50-59,1638107459,43.099928855895996,41603,766cc67070bd,172.17.0.2,43.099928855895996,0,40
6.107605934143066,4.6414337158203125,0.9459283351898193,True,False,,,41,b8583_00157,a71cda3b770d40138350e2e5eeeda7a7,2021-11-28_13-51-00,1638107460,44.045857191085815,41603,766cc67070bd,172.17.0.2,44.045857191085815,0,41
6.104037284851074,4.640130996704102,1.0258979797363281,True,False,,,42,b8583_00157,a71cda3b770d40138350e2e5eeeda7a7,2021-11-28_13-51-01,1638107461,45.071755170822144,41603,766cc67070bd,172.17.0.2,45.071755170822144,0,42
6.105651378631592,4.638822555541992,0.8752515316009521,True,False,,,43,b8583_00157,a71cda3b770d40138350e2e5eeeda7a7,2021-11-28_13-51-01,1638107461,45.947006702423096,41603,766cc67070bd,172.17.0.2,45.947006702423096,0,43
6.092043876647949,4.637406826019287,0.8000059127807617,True,False,,,44,b8583_00157,a71cda3b770d40138350e2e5eeeda7a7,2021-11-28_13-51-02,1638107462,46.74701261520386,41603,766cc67070bd,172.17.0.2,46.74701261520386,0,44
6.096195697784424,4.6359052658081055,1.2059690952301025,True,False,,,45,b8583_00157,a71cda3b770d40138350e2e5eeeda7a7,2021-11-28_13-51-04,1638107464,47.95298171043396,41603,766cc67070bd,172.17.0.2,47.95298171043396,0,45
6.095120906829834,4.634413719177246,0.8299131393432617,True,False,,,46,b8583_00157,a71cda3b770d40138350e2e5eeeda7a7,2021-11-28_13-51-04,1638107464,48.78289484977722,41603,766cc67070bd,172.17.0.2,48.78289484977722,0,46
6.104349136352539,4.633058547973633,0.9151484966278076,True,False,,,47,b8583_00157,a71cda3b770d40138350e2e5eeeda7a7,2021-11-28_13-51-05,1638107465,49.69804334640503,41603,766cc67070bd,172.17.0.2,49.69804334640503,0,47
6.087400913238525,4.631559371948242,0.8774950504302979,True,False,,,48,b8583_00157,a71cda3b770d40138350e2e5eeeda7a7,2021-11-28_13-51-06,1638107466,50.57553839683533,41603,766cc67070bd,172.17.0.2,50.57553839683533,0,48
6.107282638549805,4.63043737411499,0.823286771774292,True,False,,,49,b8583_00157,a71cda3b770d40138350e2e5eeeda7a7,2021-11-28_13-51-07,1638107467,51.39882516860962,41603,766cc67070bd,172.17.0.2,51.39882516860962,0,49
6.1046977043151855,4.629125595092773,0.8281595706939697,True,False,,,50,b8583_00157,a71cda3b770d40138350e2e5eeeda7a7,2021-11-28_13-51-08,1638107468,52.22698473930359,41603,766cc67070bd,172.17.0.2,52.22698473930359,0,50
6.094555377960205,4.628352165222168,0.8145475387573242,True,False,,,51,b8583_00157,a71cda3b770d40138350e2e5eeeda7a7,2021-11-28_13-51-09,1638107469,53.04153227806091,41603,766cc67070bd,172.17.0.2,53.04153227806091,0,51
6.087198734283447,4.627418518066406,0.9249997138977051,True,False,,,52,b8583_00157,a71cda3b770d40138350e2e5eeeda7a7,2021-11-28_13-51-10,1638107470,53.96653199195862,41603,766cc67070bd,172.17.0.2,53.96653199195862,0,52
6.094955921173096,4.626333713531494,0.7838892936706543,True,False,,,53,b8583_00157,a71cda3b770d40138350e2e5eeeda7a7,2021-11-28_13-51-10,1638107470,54.75042128562927,41603,766cc67070bd,172.17.0.2,54.75042128562927,0,53
6.090346336364746,4.625265121459961,0.8156931400299072,True,False,,,54,b8583_00157,a71cda3b770d40138350e2e5eeeda7a7,2021-11-28_13-51-11,1638107471,55.56611442565918,41603,766cc67070bd,172.17.0.2,55.56611442565918,0,54
6.08911657333374,4.624471664428711,0.8118622303009033,True,False,,,55,b8583_00157,a71cda3b770d40138350e2e5eeeda7a7,2021-11-28_13-51-12,1638107472,56.37797665596008,41603,766cc67070bd,172.17.0.2,56.37797665596008,0,55
6.092148780822754,4.623406887054443,1.0058314800262451,True,False,,,56,b8583_00157,a71cda3b770d40138350e2e5eeeda7a7,2021-11-28_13-51-13,1638107473,57.38380813598633,41603,766cc67070bd,172.17.0.2,57.38380813598633,0,56
6.09537935256958,4.622769832611084,0.818676233291626,True,False,,,57,b8583_00157,a71cda3b770d40138350e2e5eeeda7a7,2021-11-28_13-51-14,1638107474,58.202484369277954,41603,766cc67070bd,172.17.0.2,58.202484369277954,0,57
6.077522277832031,4.621745586395264,1.0034477710723877,True,False,,,58,b8583_00157,a71cda3b770d40138350e2e5eeeda7a7,2021-11-28_13-51-15,1638107475,59.20593214035034,41603,766cc67070bd,172.17.0.2,59.20593214035034,0,58
6.088318824768066,4.621049404144287,0.8210849761962891,True,False,,,59,b8583_00157,a71cda3b770d40138350e2e5eeeda7a7,2021-11-28_13-51-16,1638107476,60.02701711654663,41603,766cc67070bd,172.17.0.2,60.02701711654663,0,59
6.067907810211182,4.620245456695557,0.8301839828491211,True,False,,,60,b8583_00157,a71cda3b770d40138350e2e5eeeda7a7,2021-11-28_13-51-16,1638107476,60.85720109939575,41603,766cc67070bd,172.17.0.2,60.85720109939575,0,60
6.073842525482178,4.619595050811768,1.117250919342041,True,False,,,61,b8583_00157,a71cda3b770d40138350e2e5eeeda7a7,2021-11-28_13-51-18,1638107478,61.97445201873779,41603,766cc67070bd,172.17.0.2,61.97445201873779,0,61
6.077209949493408,4.618535995483398,0.7717633247375488,True,False,,,62,b8583_00157,a71cda3b770d40138350e2e5eeeda7a7,2021-11-28_13-51-18,1638107478,62.74621534347534,41603,766cc67070bd,172.17.0.2,62.74621534347534,0,62
6.084479808807373,4.617836952209473,0.7697620391845703,True,False,,,63,b8583_00157,a71cda3b770d40138350e2e5eeeda7a7,2021-11-28_13-51-19,1638107479,63.51597738265991,41603,766cc67070bd,172.17.0.2,63.51597738265991,0,63
6.0805864334106445,4.616901874542236,0.7837982177734375,True,False,,,64,b8583_00157,a71cda3b770d40138350e2e5eeeda7a7,2021-11-28_13-51-20,1638107480,64.29977560043335,41603,766cc67070bd,172.17.0.2,64.29977560043335,0,64
6.079911708831787,4.615926742553711,0.797893762588501,True,False,,,65,b8583_00157,a71cda3b770d40138350e2e5eeeda7a7,2021-11-28_13-51-21,1638107481,65.09766936302185,41603,766cc67070bd,172.17.0.2,65.09766936302185,0,65
6.070977687835693,4.614844799041748,0.7996439933776855,True,False,,,66,b8583_00157,a71cda3b770d40138350e2e5eeeda7a7,2021-11-28_13-51-21,1638107481,65.89731335639954,41603,766cc67070bd,172.17.0.2,65.89731335639954,0,66
6.093381404876709,4.614006996154785,0.7988243103027344,True,False,,,67,b8583_00157,a71cda3b770d40138350e2e5eeeda7a7,2021-11-28_13-51-22,1638107482,66.69613766670227,41603,766cc67070bd,172.17.0.2,66.69613766670227,0,67
6.073448657989502,4.613183975219727,0.800499439239502,True,False,,,68,b8583_00157,a71cda3b770d40138350e2e5eeeda7a7,2021-11-28_13-51-23,1638107483,67.49663710594177,41603,766cc67070bd,172.17.0.2,67.49663710594177,0,68
6.082292556762695,4.612622261047363,0.8398826122283936,True,False,,,69,b8583_00157,a71cda3b770d40138350e2e5eeeda7a7,2021-11-28_13-51-24,1638107484,68.33651971817017,41603,766cc67070bd,172.17.0.2,68.33651971817017,0,69
6.068990707397461,4.6117143630981445,0.7759931087493896,True,False,,,70,b8583_00157,a71cda3b770d40138350e2e5eeeda7a7,2021-11-28_13-51-25,1638107485,69.11251282691956,41603,766cc67070bd,172.17.0.2,69.11251282691956,0,70
6.068660259246826,4.611171722412109,0.8050010204315186,True,False,,,71,b8583_00157,a71cda3b770d40138350e2e5eeeda7a7,2021-11-28_13-51-25,1638107485,69.91751384735107,41603,766cc67070bd,172.17.0.2,69.91751384735107,0,71
6.074161529541016,4.610440254211426,0.827578067779541,True,False,,,72,b8583_00157,a71cda3b770d40138350e2e5eeeda7a7,2021-11-28_13-51-26,1638107486,70.74509191513062,41603,766cc67070bd,172.17.0.2,70.74509191513062,0,72
6.0713372230529785,4.609926223754883,0.8041937351226807,True,False,,,73,b8583_00157,a71cda3b770d40138350e2e5eeeda7a7,2021-11-28_13-51-27,1638107487,71.5492856502533,41603,766cc67070bd,172.17.0.2,71.5492856502533,0,73
6.083202362060547,4.609084606170654,0.7988603115081787,True,False,,,74,b8583_00157,a71cda3b770d40138350e2e5eeeda7a7,2021-11-28_13-51-28,1638107488,72.34814596176147,41603,766cc67070bd,172.17.0.2,72.34814596176147,0,74
6.075445652008057,4.608532428741455,0.8561937808990479,True,False,,,75,b8583_00157,a71cda3b770d40138350e2e5eeeda7a7,2021-11-28_13-51-29,1638107489,73.20433974266052,41603,766cc67070bd,172.17.0.2,73.20433974266052,0,75
6.072299480438232,4.607997417449951,0.9113147258758545,True,False,,,76,b8583_00157,a71cda3b770d40138350e2e5eeeda7a7,2021-11-28_13-51-30,1638107490,74.11565446853638,41603,766cc67070bd,172.17.0.2,74.11565446853638,0,76
6.074179649353027,4.607448577880859,0.8033356666564941,True,False,,,77,b8583_00157,a71cda3b770d40138350e2e5eeeda7a7,2021-11-28_13-51-30,1638107490,74.91899013519287,41603,766cc67070bd,172.17.0.2,74.91899013519287,0,77
6.060240268707275,4.607150077819824,0.8637995719909668,True,False,,,78,b8583_00157,a71cda3b770d40138350e2e5eeeda7a7,2021-11-28_13-51-31,1638107491,75.78278970718384,41603,766cc67070bd,172.17.0.2,75.78278970718384,0,78
6.0900444984436035,4.6066436767578125,0.7794773578643799,True,False,,,79,b8583_00157,a71cda3b770d40138350e2e5eeeda7a7,2021-11-28_13-51-32,1638107492,76.56226706504822,41603,766cc67070bd,172.17.0.2,76.56226706504822,0,79
6.063992023468018,4.606120586395264,0.9202282428741455,True,False,,,80,b8583_00157,a71cda3b770d40138350e2e5eeeda7a7,2021-11-28_13-51-33,1638107493,77.48249530792236,41603,766cc67070bd,172.17.0.2,77.48249530792236,0,80
6.075334548950195,4.605297565460205,1.1448936462402344,True,False,,,81,b8583_00157,a71cda3b770d40138350e2e5eeeda7a7,2021-11-28_13-51-34,1638107494,78.6273889541626,41603,766cc67070bd,172.17.0.2,78.6273889541626,0,81
6.07343053817749,4.6046671867370605,0.8488633632659912,True,False,,,82,b8583_00157,a71cda3b770d40138350e2e5eeeda7a7,2021-11-28_13-51-35,1638107495,79.47625231742859,41603,766cc67070bd,172.17.0.2,79.47625231742859,0,82
6.072684288024902,4.604267120361328,0.8383522033691406,True,False,,,83,b8583_00157,a71cda3b770d40138350e2e5eeeda7a7,2021-11-28_13-51-36,1638107496,80.31460452079773,41603,766cc67070bd,172.17.0.2,80.31460452079773,0,83
6.06865930557251,4.603582382202148,0.7715678215026855,True,False,,,84,b8583_00157,a71cda3b770d40138350e2e5eeeda7a7,2021-11-28_13-51-37,1638107497,81.08617234230042,41603,766cc67070bd,172.17.0.2,81.08617234230042,0,84
6.059973239898682,4.603030681610107,0.7464046478271484,True,False,,,85,b8583_00157,a71cda3b770d40138350e2e5eeeda7a7,2021-11-28_13-51-37,1638107497,81.83257699012756,41603,766cc67070bd,172.17.0.2,81.83257699012756,0,85
6.052069187164307,4.602363586425781,0.7848381996154785,True,False,,,86,b8583_00157,a71cda3b770d40138350e2e5eeeda7a7,2021-11-28_13-51-38,1638107498,82.61741518974304,41603,766cc67070bd,172.17.0.2,82.61741518974304,0,86
6.070971488952637,4.60172176361084,0.9063577651977539,True,False,,,87,b8583_00157,a71cda3b770d40138350e2e5eeeda7a7,2021-11-28_13-51-39,1638107499,83.5237729549408,41603,766cc67070bd,172.17.0.2,83.5237729549408,0,87
6.060238838195801,4.601171970367432,0.8275740146636963,True,False,,,88,b8583_00157,a71cda3b770d40138350e2e5eeeda7a7,2021-11-28_13-51-40,1638107500,84.35134696960449,41603,766cc67070bd,172.17.0.2,84.35134696960449,0,88
6.064517974853516,4.600620746612549,0.8452877998352051,True,False,,,89,b8583_00157,a71cda3b770d40138350e2e5eeeda7a7,2021-11-28_13-51-41,1638107501,85.1966347694397,41603,766cc67070bd,172.17.0.2,85.1966347694397,0,89
6.06376314163208,4.600377559661865,0.76149582862854,True,False,,,90,b8583_00157,a71cda3b770d40138350e2e5eeeda7a7,2021-11-28_13-51-42,1638107502,85.95813059806824,41603,766cc67070bd,172.17.0.2,85.95813059806824,0,90
6.054993152618408,4.600171089172363,0.7551052570343018,True,False,,,91,b8583_00157,a71cda3b770d40138350e2e5eeeda7a7,2021-11-28_13-51-42,1638107502,86.71323585510254,41603,766cc67070bd,172.17.0.2,86.71323585510254,0,91
6.043885707855225,4.600155830383301,0.763411283493042,True,False,,,92,b8583_00157,a71cda3b770d40138350e2e5eeeda7a7,2021-11-28_13-51-43,1638107503,87.47664713859558,41603,766cc67070bd,172.17.0.2,87.47664713859558,0,92
6.053779125213623,4.599696636199951,0.7710103988647461,True,False,,,93,b8583_00157,a71cda3b770d40138350e2e5eeeda7a7,2021-11-28_13-51-44,1638107504,88.24765753746033,41603,766cc67070bd,172.17.0.2,88.24765753746033,0,93
6.056698799133301,4.598846912384033,0.7867729663848877,True,False,,,94,b8583_00157,a71cda3b770d40138350e2e5eeeda7a7,2021-11-28_13-51-45,1638107505,89.03443050384521,41603,766cc67070bd,172.17.0.2,89.03443050384521,0,94
6.075326919555664,4.598519802093506,0.768578052520752,True,False,,,95,b8583_00157,a71cda3b770d40138350e2e5eeeda7a7,2021-11-28_13-51-45,1638107505,89.80300855636597,41603,766cc67070bd,172.17.0.2,89.80300855636597,0,95
6.068172931671143,4.598082065582275,0.7930715084075928,True,False,,,96,b8583_00157,a71cda3b770d40138350e2e5eeeda7a7,2021-11-28_13-51-46,1638107506,90.59608006477356,41603,766cc67070bd,172.17.0.2,90.59608006477356,0,96
6.046828746795654,4.597681045532227,0.7846634387969971,True,False,,,97,b8583_00157,a71cda3b770d40138350e2e5eeeda7a7,2021-11-28_13-51-47,1638107507,91.38074350357056,41603,766cc67070bd,172.17.0.2,91.38074350357056,0,97
6.063823223114014,4.597630023956299,0.7689094543457031,True,False,,,98,b8583_00157,a71cda3b770d40138350e2e5eeeda7a7,2021-11-28_13-51-48,1638107508,92.14965295791626,41603,766cc67070bd,172.17.0.2,92.14965295791626,0,98
6.060581684112549,4.5975141525268555,0.7620749473571777,True,False,,,99,b8583_00157,a71cda3b770d40138350e2e5eeeda7a7,2021-11-28_13-51-48,1638107508,92.91172790527344,41603,766cc67070bd,172.17.0.2,92.91172790527344,0,99
6.052451133728027,4.597593784332275,0.7707269191741943,,False,,,100,b8583_00157,a71cda3b770d40138350e2e5eeeda7a7,2021-11-28_13-51-49,1638107509,93.68245482444763,41603,766cc67070bd,172.17.0.2,93.68245482444763,0,100
6.060628890991211,4.597136497497559,0.7766883373260498,True,False,,,101,b8583_00157,a71cda3b770d40138350e2e5eeeda7a7,2021-11-28_13-51-50,1638107510,94.45914316177368,41603,766cc67070bd,172.17.0.2,94.45914316177368,0,101
6.050739288330078,4.597144603729248,0.7688710689544678,,False,,,102,b8583_00157,a71cda3b770d40138350e2e5eeeda7a7,2021-11-28_13-51-51,1638107511,95.22801423072815,41603,766cc67070bd,172.17.0.2,95.22801423072815,0,102
6.0557169914245605,4.596683979034424,0.7941946983337402,True,False,,,103,b8583_00157,a71cda3b770d40138350e2e5eeeda7a7,2021-11-28_13-51-52,1638107512,96.02220892906189,41603,766cc67070bd,172.17.0.2,96.02220892906189,0,103
6.046639919281006,4.596560478210449,0.7593026161193848,True,False,,,104,b8583_00157,a71cda3b770d40138350e2e5eeeda7a7,2021-11-28_13-51-52,1638107512,96.78151154518127,41603,766cc67070bd,172.17.0.2,96.78151154518127,0,104
6.06711483001709,4.596186637878418,0.8153378963470459,True,False,,,105,b8583_00157,a71cda3b770d40138350e2e5eeeda7a7,2021-11-28_13-51-53,1638107513,97.59684944152832,41603,766cc67070bd,172.17.0.2,97.59684944152832,0,105
6.048968315124512,4.595633029937744,1.1802685260772705,True,False,,,106,b8583_00157,a71cda3b770d40138350e2e5eeeda7a7,2021-11-28_13-51-54,1638107514,98.77711796760559,41603,766cc67070bd,172.17.0.2,98.77711796760559,0,106
6.0457611083984375,4.59535551071167,0.7821826934814453,True,False,,,107,b8583_00157,a71cda3b770d40138350e2e5eeeda7a7,2021-11-28_13-51-55,1638107515,99.55930066108704,41603,766cc67070bd,172.17.0.2,99.55930066108704,0,107
6.0532355308532715,4.594555377960205,0.8918483257293701,True,False,,,108,b8583_00157,a71cda3b770d40138350e2e5eeeda7a7,2021-11-28_13-51-56,1638107516,100.4511489868164,41603,766cc67070bd,172.17.0.2,100.4511489868164,0,108
6.065793037414551,4.594026565551758,0.7540185451507568,True,False,,,109,b8583_00157,a71cda3b770d40138350e2e5eeeda7a7,2021-11-28_13-51-57,1638107517,101.20516753196716,41603,766cc67070bd,172.17.0.2,101.20516753196716,0,109
6.0620012283325195,4.593793869018555,0.7967932224273682,True,False,,,110,b8583_00157,a71cda3b770d40138350e2e5eeeda7a7,2021-11-28_13-51-58,1638107518,102.00196075439453,41603,766cc67070bd,172.17.0.2,102.00196075439453,0,110
6.050276756286621,4.593593120574951,0.7660305500030518,True,False,,,111,b8583_00157,a71cda3b770d40138350e2e5eeeda7a7,2021-11-28_13-51-58,1638107518,102.76799130439758,41603,766cc67070bd,172.17.0.2,102.76799130439758,0,111
6.033310890197754,4.59332275390625,0.7699687480926514,True,False,,,112,b8583_00157,a71cda3b770d40138350e2e5eeeda7a7,2021-11-28_13-51-59,1638107519,103.53796005249023,41603,766cc67070bd,172.17.0.2,103.53796005249023,0,112
6.052328109741211,4.5929646492004395,0.8166813850402832,True,False,,,113,b8583_00157,a71cda3b770d40138350e2e5eeeda7a7,2021-11-28_13-52-00,1638107520,104.35464143753052,41603,766cc67070bd,172.17.0.2,104.35464143753052,0,113
6.065444469451904,4.592984676361084,0.7740085124969482,,False,,,114,b8583_00157,a71cda3b770d40138350e2e5eeeda7a7,2021-11-28_13-52-01,1638107521,105.12864995002747,41603,766cc67070bd,172.17.0.2,105.12864995002747,0,114
6.057005405426025,4.592672824859619,0.7775444984436035,True,False,,,115,b8583_00157,a71cda3b770d40138350e2e5eeeda7a7,2021-11-28_13-52-01,1638107521,105.90619444847107,41603,766cc67070bd,172.17.0.2,105.90619444847107,0,115
6.052703857421875,4.5924811363220215,0.822688102722168,True,False,,,116,b8583_00157,a71cda3b770d40138350e2e5eeeda7a7,2021-11-28_13-52-02,1638107522,106.72888255119324,41603,766cc67070bd,172.17.0.2,106.72888255119324,0,116
6.051797866821289,4.5922017097473145,0.7634947299957275,True,False,,,117,b8583_00157,a71cda3b770d40138350e2e5eeeda7a7,2021-11-28_13-52-03,1638107523,107.49237728118896,41603,766cc67070bd,172.17.0.2,107.49237728118896,0,117
6.058042526245117,4.592212200164795,0.7665002346038818,,False,,,118,b8583_00157,a71cda3b770d40138350e2e5eeeda7a7,2021-11-28_13-52-04,1638107524,108.25887751579285,41603,766cc67070bd,172.17.0.2,108.25887751579285,0,118
6.047178268432617,4.592535495758057,0.7921338081359863,,False,,,119,b8583_00157,a71cda3b770d40138350e2e5eeeda7a7,2021-11-28_13-52-05,1638107525,109.05101132392883,41603,766cc67070bd,172.17.0.2,109.05101132392883,0,119
6.055507183074951,4.592731475830078,0.7838761806488037,,False,,,120,b8583_00157,a71cda3b770d40138350e2e5eeeda7a7,2021-11-28_13-52-05,1638107525,109.83488750457764,41603,766cc67070bd,172.17.0.2,109.83488750457764,0,120
6.04892635345459,4.5928521156311035,0.8175959587097168,,False,,,121,b8583_00157,a71cda3b770d40138350e2e5eeeda7a7,2021-11-28_13-52-06,1638107526,110.65248346328735,41603,766cc67070bd,172.17.0.2,110.65248346328735,0,121
6.042506694793701,4.592916011810303,0.766014575958252,,False,,,122,b8583_00157,a71cda3b770d40138350e2e5eeeda7a7,2021-11-28_13-52-07,1638107527,111.4184980392456,41603,766cc67070bd,172.17.0.2,111.4184980392456,0,122
6.059452533721924,4.59319543838501,0.7557072639465332,,False,,,123,b8583_00157,a71cda3b770d40138350e2e5eeeda7a7,2021-11-28_13-52-08,1638107528,112.17420530319214,41603,766cc67070bd,172.17.0.2,112.17420530319214,0,123
6.047491550445557,4.593016624450684,0.8118410110473633,,False,,,124,b8583_00157,a71cda3b770d40138350e2e5eeeda7a7,2021-11-28_13-52-09,1638107529,112.9860463142395,41603,766cc67070bd,172.17.0.2,112.9860463142395,0,124
6.048929691314697,4.592925548553467,0.7666711807250977,,False,,,125,b8583_00157,a71cda3b770d40138350e2e5eeeda7a7,2021-11-28_13-52-09,1638107529,113.7527174949646,41603,766cc67070bd,172.17.0.2,113.7527174949646,0,125
6.044903755187988,4.593249797821045,0.7423815727233887,,False,,,126,b8583_00157,a71cda3b770d40138350e2e5eeeda7a7,2021-11-28_13-52-10,1638107530,114.49509906768799,41603,766cc67070bd,172.17.0.2,114.49509906768799,0,126
6.04868745803833,4.593314170837402,0.7837250232696533,,False,,,127,b8583_00157,a71cda3b770d40138350e2e5eeeda7a7,2021-11-28_13-52-11,1638107531,115.27882409095764,41603,766cc67070bd,172.17.0.2,115.27882409095764,0,127
6.062687397003174,4.5937418937683105,0.8378918170928955,,False,,,128,b8583_00157,a71cda3b770d40138350e2e5eeeda7a7,2021-11-28_13-52-12,1638107532,116.11671590805054,41603,766cc67070bd,172.17.0.2,116.11671590805054,0,128
6.050132751464844,4.593961715698242,0.8484880924224854,,False,,,129,b8583_00157,a71cda3b770d40138350e2e5eeeda7a7,2021-11-28_13-52-13,1638107533,116.96520400047302,41603,766cc67070bd,172.17.0.2,116.96520400047302,0,129
6.0559587478637695,4.594027042388916,0.7994298934936523,,False,,,130,b8583_00157,a71cda3b770d40138350e2e5eeeda7a7,2021-11-28_13-52-13,1638107533,117.76463389396667,41603,766cc67070bd,172.17.0.2,117.76463389396667,0,130
6.051250457763672,4.59451150894165,0.8046159744262695,,False,,,131,b8583_00157,a71cda3b770d40138350e2e5eeeda7a7,2021-11-28_13-52-14,1638107534,118.56924986839294,41603,766cc67070bd,172.17.0.2,118.56924986839294,0,131
6.052369117736816,4.59483003616333,0.8019297122955322,,False,,,132,b8583_00157,a71cda3b770d40138350e2e5eeeda7a7,2021-11-28_13-52-15,1638107535,119.37117958068848,41603,766cc67070bd,172.17.0.2,119.37117958068848,0,132
6.0460100173950195,4.595020294189453,0.8748936653137207,,False,,,133,b8583_00157,a71cda3b770d40138350e2e5eeeda7a7,2021-11-28_13-52-16,1638107536,120.2460732460022,41603,766cc67070bd,172.17.0.2,120.2460732460022,0,133
6.063437461853027,4.595643043518066,0.8618481159210205,,False,,,134,b8583_00157,a71cda3b770d40138350e2e5eeeda7a7,2021-11-28_13-52-17,1638107537,121.10792136192322,41603,766cc67070bd,172.17.0.2,121.10792136192322,0,134
6.043580055236816,4.595780849456787,0.9242660999298096,,False,,,135,b8583_00157,a71cda3b770d40138350e2e5eeeda7a7,2021-11-28_13-52-18,1638107538,122.03218746185303,41603,766cc67070bd,172.17.0.2,122.03218746185303,0,135
6.046473503112793,4.59625768661499,0.8131973743438721,,False,,,136,b8583_00157,a71cda3b770d40138350e2e5eeeda7a7,2021-11-28_13-52-18,1638107538,122.8453848361969,41603,766cc67070bd,172.17.0.2,122.8453848361969,0,136
6.048037052154541,4.596325874328613,0.786801815032959,,False,,,137,b8583_00157,a71cda3b770d40138350e2e5eeeda7a7,2021-11-28_13-52-19,1638107539,123.63218665122986,41603,766cc67070bd,172.17.0.2,123.63218665122986,0,137
6.047451496124268,4.596571922302246,0.8260245323181152,,False,,,138,b8583_00157,a71cda3b770d40138350e2e5eeeda7a7,2021-11-28_13-52-20,1638107540,124.45821118354797,41603,766cc67070bd,172.17.0.2,124.45821118354797,0,138
6.039766311645508,4.5964884757995605,0.7665698528289795,,False,,,139,b8583_00157,a71cda3b770d40138350e2e5eeeda7a7,2021-11-28_13-52-21,1638107541,125.22478103637695,41603,766cc67070bd,172.17.0.2,125.22478103637695,0,139
6.053919315338135,4.596470832824707,0.9721229076385498,,False,,,140,b8583_00157,a71cda3b770d40138350e2e5eeeda7a7,2021-11-28_13-52-22,1638107542,126.1969039440155,41603,766cc67070bd,172.17.0.2,126.1969039440155,0,140
6.052984237670898,4.59597110748291,0.7765569686889648,,False,,,141,b8583_00157,a71cda3b770d40138350e2e5eeeda7a7,2021-11-28_13-52-23,1638107543,126.97346091270447,41603,766cc67070bd,172.17.0.2,126.97346091270447,0,141
6.043072700500488,4.595400810241699,0.7773921489715576,,False,,,142,b8583_00157,a71cda3b770d40138350e2e5eeeda7a7,2021-11-28_13-52-23,1638107543,127.75085306167603,41603,766cc67070bd,172.17.0.2,127.75085306167603,0,142
6.044528007507324,4.595114707946777,0.7804524898529053,,False,,,143,b8583_00157,a71cda3b770d40138350e2e5eeeda7a7,2021-11-28_13-52-24,1638107544,128.53130555152893,41603,766cc67070bd,172.17.0.2,128.53130555152893,0,143
6.0485711097717285,4.594395160675049,0.7701065540313721,,False,,,144,b8583_00157,a71cda3b770d40138350e2e5eeeda7a7,2021-11-28_13-52-25,1638107545,129.3014121055603,41603,766cc67070bd,172.17.0.2,129.3014121055603,0,144
6.0455780029296875,4.593795299530029,0.8235390186309814,,False,,,145,b8583_00157,a71cda3b770d40138350e2e5eeeda7a7,2021-11-28_13-52-26,1638107546,130.12495112419128,41603,766cc67070bd,172.17.0.2,130.12495112419128,0,145
6.037400245666504,4.593237400054932,0.8084218502044678,,False,,,146,b8583_00157,a71cda3b770d40138350e2e5eeeda7a7,2021-11-28_13-52-26,1638107546,130.93337297439575,41603,766cc67070bd,172.17.0.2,130.93337297439575,0,146
6.055301666259766,4.5927019119262695,0.7632548809051514,,False,,,147,b8583_00157,a71cda3b770d40138350e2e5eeeda7a7,2021-11-28_13-52-27,1638107547,131.6966278553009,41603,766cc67070bd,172.17.0.2,131.6966278553009,0,147
6.051403045654297,4.592323303222656,0.7473633289337158,,False,,,148,b8583_00157,a71cda3b770d40138350e2e5eeeda7a7,2021-11-28_13-52-28,1638107548,132.44399118423462,41603,766cc67070bd,172.17.0.2,132.44399118423462,0,148
6.029567718505859,4.591867446899414,0.7934725284576416,True,False,,,149,b8583_00157,a71cda3b770d40138350e2e5eeeda7a7,2021-11-28_13-52-29,1638107549,133.23746371269226,41603,766cc67070bd,172.17.0.2,133.23746371269226,0,149
6.043018341064453,4.591619491577148,0.7893064022064209,True,False,,,150,b8583_00157,a71cda3b770d40138350e2e5eeeda7a7,2021-11-28_13-52-30,1638107550,134.02677011489868,41603,766cc67070bd,172.17.0.2,134.02677011489868,0,150
6.052804946899414,4.5914082527160645,0.8119761943817139,True,False,,,151,b8583_00157,a71cda3b770d40138350e2e5eeeda7a7,2021-11-28_13-52-30,1638107550,134.8387463092804,41603,766cc67070bd,172.17.0.2,134.8387463092804,0,151
6.046996116638184,4.591084957122803,0.7644743919372559,True,False,,,152,b8583_00157,a71cda3b770d40138350e2e5eeeda7a7,2021-11-28_13-52-31,1638107551,135.60322070121765,41603,766cc67070bd,172.17.0.2,135.60322070121765,0,152
6.042019367218018,4.591275215148926,0.820063591003418,,False,,,153,b8583_00157,a71cda3b770d40138350e2e5eeeda7a7,2021-11-28_13-52-32,1638107552,136.42328429222107,41603,766cc67070bd,172.17.0.2,136.42328429222107,0,153
6.044477462768555,4.591673851013184,0.8053863048553467,,False,,,154,b8583_00157,a71cda3b770d40138350e2e5eeeda7a7,2021-11-28_13-52-33,1638107553,137.22867059707642,41603,766cc67070bd,172.17.0.2,137.22867059707642,0,154
6.053960800170898,4.5919108390808105,0.8100416660308838,,False,,,155,b8583_00157,a71cda3b770d40138350e2e5eeeda7a7,2021-11-28_13-52-34,1638107554,138.0387122631073,41603,766cc67070bd,172.17.0.2,138.0387122631073,0,155
6.045703411102295,4.591672420501709,0.7997109889984131,,False,,,156,b8583_00157,a71cda3b770d40138350e2e5eeeda7a7,2021-11-28_13-52-34,1638107554,138.8384232521057,41603,766cc67070bd,172.17.0.2,138.8384232521057,0,156
6.048926830291748,4.591659069061279,0.7785990238189697,,False,,,157,b8583_00157,a71cda3b770d40138350e2e5eeeda7a7,2021-11-28_13-52-35,1638107555,139.61702227592468,41603,766cc67070bd,172.17.0.2,139.61702227592468,0,157
6.050611972808838,4.5919270515441895,0.8701126575469971,,False,,,158,b8583_00157,a71cda3b770d40138350e2e5eeeda7a7,2021-11-28_13-52-36,1638107556,140.48713493347168,41603,766cc67070bd,172.17.0.2,140.48713493347168,0,158
6.050140380859375,4.592424392700195,0.7755906581878662,,False,,,159,b8583_00157,a71cda3b770d40138350e2e5eeeda7a7,2021-11-28_13-52-37,1638107557,141.26272559165955,41603,766cc67070bd,172.17.0.2,141.26272559165955,0,159
6.050741672515869,4.592748165130615,0.763643741607666,,False,,,160,b8583_00157,a71cda3b770d40138350e2e5eeeda7a7,2021-11-28_13-52-38,1638107558,142.0263693332672,41603,766cc67070bd,172.17.0.2,142.0263693332672,0,160
6.041141510009766,4.5937299728393555,0.7694094181060791,,False,,,161,b8583_00157,a71cda3b770d40138350e2e5eeeda7a7,2021-11-28_13-52-38,1638107558,142.7957787513733,41603,766cc67070bd,172.17.0.2,142.7957787513733,0,161
6.040487766265869,4.594783306121826,0.7668323516845703,,False,,,162,b8583_00157,a71cda3b770d40138350e2e5eeeda7a7,2021-11-28_13-52-39,1638107559,143.56261110305786,41603,766cc67070bd,172.17.0.2,143.56261110305786,0,162
6.047077655792236,4.595646858215332,0.8360748291015625,,False,,,163,b8583_00157,a71cda3b770d40138350e2e5eeeda7a7,2021-11-28_13-52-40,1638107560,144.39868593215942,41603,766cc67070bd,172.17.0.2,144.39868593215942,0,163
6.055665969848633,4.597002983093262,0.842156171798706,,False,,,164,b8583_00157,a71cda3b770d40138350e2e5eeeda7a7,2021-11-28_13-52-41,1638107561,145.24084210395813,41603,766cc67070bd,172.17.0.2,145.24084210395813,0,164
6.0528130531311035,4.598053932189941,0.799224853515625,,False,,,165,b8583_00157,a71cda3b770d40138350e2e5eeeda7a7,2021-11-28_13-52-42,1638107562,146.04006695747375,41603,766cc67070bd,172.17.0.2,146.04006695747375,0,165
6.040966987609863,4.598380088806152,0.7714412212371826,,False,,,166,b8583_00157,a71cda3b770d40138350e2e5eeeda7a7,2021-11-28_13-52-42,1638107562,146.81150817871094,41603,766cc67070bd,172.17.0.2,146.81150817871094,0,166
6.044423580169678,4.598411560058594,0.7599930763244629,,False,,,167,b8583_00157,a71cda3b770d40138350e2e5eeeda7a7,2021-11-28_13-52-43,1638107563,147.5715012550354,41603,766cc67070bd,172.17.0.2,147.5715012550354,0,167
6.037036895751953,4.598844051361084,0.7579381465911865,,False,,,168,b8583_00157,a71cda3b770d40138350e2e5eeeda7a7,2021-11-28_13-52-44,1638107564,148.3294394016266,41603,766cc67070bd,172.17.0.2,148.3294394016266,0,168
6.053516864776611,4.599035739898682,0.7537477016448975,,False,,,169,b8583_00157,a71cda3b770d40138350e2e5eeeda7a7,2021-11-28_13-52-45,1638107565,149.08318710327148,41603,766cc67070bd,172.17.0.2,149.08318710327148,0,169
6.039784908294678,4.599096775054932,0.7657558917999268,,False,,,170,b8583_00157,a71cda3b770d40138350e2e5eeeda7a7,2021-11-28_13-52-45,1638107565,149.8489429950714,41603,766cc67070bd,172.17.0.2,149.8489429950714,0,170
6.045947551727295,4.5979461669921875,0.8507325649261475,,False,,,171,b8583_00157,a71cda3b770d40138350e2e5eeeda7a7,2021-11-28_13-52-46,1638107566,150.69967555999756,41603,766cc67070bd,172.17.0.2,150.69967555999756,0,171
6.039295196533203,4.596798896789551,0.835397481918335,,False,,,172,b8583_00157,a71cda3b770d40138350e2e5eeeda7a7,2021-11-28_13-52-47,1638107567,151.5350730419159,41603,766cc67070bd,172.17.0.2,151.5350730419159,0,172
6.043115615844727,4.594895839691162,0.7552280426025391,,False,,,173,b8583_00157,a71cda3b770d40138350e2e5eeeda7a7,2021-11-28_13-52-48,1638107568,152.29030108451843,41603,766cc67070bd,172.17.0.2,152.29030108451843,0,173
6.049351692199707,4.5930962562561035,0.7571201324462891,,False,,,174,b8583_00157,a71cda3b770d40138350e2e5eeeda7a7,2021-11-28_13-52-49,1638107569,153.04742121696472,41603,766cc67070bd,172.17.0.2,153.04742121696472,0,174
6.049020767211914,4.59207820892334,0.7512447834014893,,False,,,175,b8583_00157,a71cda3b770d40138350e2e5eeeda7a7,2021-11-28_13-52-49,1638107569,153.7986660003662,41603,766cc67070bd,172.17.0.2,153.7986660003662,0,175
6.0342302322387695,4.5920820236206055,0.7596874237060547,,False,,,176,b8583_00157,a71cda3b770d40138350e2e5eeeda7a7,2021-11-28_13-52-50,1638107570,154.55835342407227,41603,766cc67070bd,172.17.0.2,154.55835342407227,0,176
6.03762674331665,4.592836380004883,0.7461085319519043,,False,,,177,b8583_00157,a71cda3b770d40138350e2e5eeeda7a7,2021-11-28_13-52-51,1638107571,155.30446195602417,41603,766cc67070bd,172.17.0.2,155.30446195602417,0,177
6.044459342956543,4.594183444976807,0.7882766723632812,,False,,,178,b8583_00157,a71cda3b770d40138350e2e5eeeda7a7,2021-11-28_13-52-52,1638107572,156.09273862838745,41603,766cc67070bd,172.17.0.2,156.09273862838745,0,178
6.042734146118164,4.595862865447998,0.7996912002563477,,False,,,179,b8583_00157,a71cda3b770d40138350e2e5eeeda7a7,2021-11-28_13-52-52,1638107572,156.8924298286438,41603,766cc67070bd,172.17.0.2,156.8924298286438,0,179
6.044092655181885,4.597617149353027,0.746453046798706,,False,,,180,b8583_00157,a71cda3b770d40138350e2e5eeeda7a7,2021-11-28_13-52-53,1638107573,157.6388828754425,41603,766cc67070bd,172.17.0.2,157.6388828754425,0,180
6.039053440093994,4.597702503204346,0.7554614543914795,,False,,,181,b8583_00157,a71cda3b770d40138350e2e5eeeda7a7,2021-11-28_13-52-54,1638107574,158.39434432983398,41603,766cc67070bd,172.17.0.2,158.39434432983398,0,181
6.041558265686035,4.597445964813232,0.7945482730865479,,False,,,182,b8583_00157,a71cda3b770d40138350e2e5eeeda7a7,2021-11-28_13-52-55,1638107575,159.18889260292053,41603,766cc67070bd,172.17.0.2,159.18889260292053,0,182
6.04155969619751,4.597148418426514,0.7519874572753906,,False,,,183,b8583_00157,a71cda3b770d40138350e2e5eeeda7a7,2021-11-28_13-52-55,1638107575,159.94088006019592,41603,766cc67070bd,172.17.0.2,159.94088006019592,0,183
6.033210754394531,4.595790386199951,0.7667343616485596,,False,,,184,b8583_00157,a71cda3b770d40138350e2e5eeeda7a7,2021-11-28_13-52-56,1638107576,160.70761442184448,41603,766cc67070bd,172.17.0.2,160.70761442184448,0,184
6.031556606292725,4.59409236907959,0.7585971355438232,,False,,,185,b8583_00157,a71cda3b770d40138350e2e5eeeda7a7,2021-11-28_13-52-57,1638107577,161.4662115573883,41603,766cc67070bd,172.17.0.2,161.4662115573883,0,185
6.038944244384766,4.590358257293701,0.7598185539245605,True,False,,,186,b8583_00157,a71cda3b770d40138350e2e5eeeda7a7,2021-11-28_13-52-58,1638107578,162.22603011131287,41603,766cc67070bd,172.17.0.2,162.22603011131287,0,186
6.038034439086914,4.587099075317383,0.8432598114013672,True,False,,,187,b8583_00157,a71cda3b770d40138350e2e5eeeda7a7,2021-11-28_13-52-59,1638107579,163.06928992271423,41603,766cc67070bd,172.17.0.2,163.06928992271423,0,187
6.029994487762451,4.583361625671387,0.7457098960876465,True,False,,,188,b8583_00157,a71cda3b770d40138350e2e5eeeda7a7,2021-11-28_13-52-59,1638107579,163.81499981880188,41603,766cc67070bd,172.17.0.2,163.81499981880188,0,188
6.023679733276367,4.579240798950195,0.7599167823791504,True,False,,,189,b8583_00157,a71cda3b770d40138350e2e5eeeda7a7,2021-11-28_13-53-00,1638107580,164.57491660118103,41603,766cc67070bd,172.17.0.2,164.57491660118103,0,189
6.036648273468018,4.5760273933410645,0.7664635181427002,True,False,,,190,b8583_00157,a71cda3b770d40138350e2e5eeeda7a7,2021-11-28_13-53-01,1638107581,165.34138011932373,41603,766cc67070bd,172.17.0.2,165.34138011932373,0,190
6.030669689178467,4.57451868057251,0.7561252117156982,True,False,,,191,b8583_00157,a71cda3b770d40138350e2e5eeeda7a7,2021-11-28_13-53-02,1638107582,166.09750533103943,41603,766cc67070bd,172.17.0.2,166.09750533103943,0,191
6.022426605224609,4.573766708374023,0.7990288734436035,True,False,,,192,b8583_00157,a71cda3b770d40138350e2e5eeeda7a7,2021-11-28_13-53-02,1638107582,166.89653420448303,41603,766cc67070bd,172.17.0.2,166.89653420448303,0,192
6.028067111968994,4.573132514953613,0.7504255771636963,True,False,,,193,b8583_00157,a71cda3b770d40138350e2e5eeeda7a7,2021-11-28_13-53-03,1638107583,167.64695978164673,41603,766cc67070bd,172.17.0.2,167.64695978164673,0,193
6.030434608459473,4.572903156280518,0.7524611949920654,True,False,,,194,b8583_00157,a71cda3b770d40138350e2e5eeeda7a7,2021-11-28_13-53-04,1638107584,168.3994209766388,41603,766cc67070bd,172.17.0.2,168.3994209766388,0,194
6.01820182800293,4.574235916137695,0.7539944648742676,,False,,,195,b8583_00157,a71cda3b770d40138350e2e5eeeda7a7,2021-11-28_13-53-05,1638107585,169.15341544151306,41603,766cc67070bd,172.17.0.2,169.15341544151306,0,195
6.046607971191406,4.5755486488342285,0.7729260921478271,,False,,,196,b8583_00157,a71cda3b770d40138350e2e5eeeda7a7,2021-11-28_13-53-05,1638107585,169.9263415336609,41603,766cc67070bd,172.17.0.2,169.9263415336609,0,196
6.034463405609131,4.57760763168335,0.7939431667327881,,False,,,197,b8583_00157,a71cda3b770d40138350e2e5eeeda7a7,2021-11-28_13-53-06,1638107586,170.72028470039368,41603,766cc67070bd,172.17.0.2,170.72028470039368,0,197
6.042398452758789,4.581050872802734,0.7673206329345703,,False,,,198,b8583_00157,a71cda3b770d40138350e2e5eeeda7a7,2021-11-28_13-53-07,1638107587,171.48760533332825,41603,766cc67070bd,172.17.0.2,171.48760533332825,0,198
6.0426926612854,4.583939552307129,0.7605085372924805,,False,,,199,b8583_00157,a71cda3b770d40138350e2e5eeeda7a7,2021-11-28_13-53-08,1638107588,172.24811387062073,41603,766cc67070bd,172.17.0.2,172.24811387062073,0,199
6.027772903442383,4.586272716522217,0.7701270580291748,,False,,,200,b8583_00157,a71cda3b770d40138350e2e5eeeda7a7,2021-11-28_13-53-09,1638107589,173.0182409286499,41603,766cc67070bd,172.17.0.2,173.0182409286499,0,200
6.034501075744629,4.58905553817749,0.7701132297515869,,False,,,201,b8583_00157,a71cda3b770d40138350e2e5eeeda7a7,2021-11-28_13-53-09,1638107589,173.7883541584015,41603,766cc67070bd,172.17.0.2,173.7883541584015,0,201
6.026956081390381,4.592301368713379,0.7351524829864502,,False,,,202,b8583_00157,a71cda3b770d40138350e2e5eeeda7a7,2021-11-28_13-53-10,1638107590,174.52350664138794,41603,766cc67070bd,172.17.0.2,174.52350664138794,0,202
6.026506423950195,4.592769145965576,0.7489745616912842,,False,,,203,b8583_00157,a71cda3b770d40138350e2e5eeeda7a7,2021-11-28_13-53-11,1638107591,175.27248120307922,41603,766cc67070bd,172.17.0.2,175.27248120307922,0,203
6.026805877685547,4.590664386749268,0.7385714054107666,,False,,,204,b8583_00157,a71cda3b770d40138350e2e5eeeda7a7,2021-11-28_13-53-12,1638107592,176.01105260849,41603,766cc67070bd,172.17.0.2,176.01105260849,0,204
6.036046028137207,4.587939739227295,0.7363736629486084,,False,,,205,b8583_00157,a71cda3b770d40138350e2e5eeeda7a7,2021-11-28_13-53-12,1638107592,176.7474262714386,41603,766cc67070bd,172.17.0.2,176.7474262714386,0,205
6.038548946380615,4.585080146789551,0.7538833618164062,,False,,,206,b8583_00157,a71cda3b770d40138350e2e5eeeda7a7,2021-11-28_13-53-13,1638107593,177.501309633255,41603,766cc67070bd,172.17.0.2,177.501309633255,0,206
6.030559539794922,4.581754684448242,0.7648303508758545,,False,,,207,b8583_00157,a71cda3b770d40138350e2e5eeeda7a7,2021-11-28_13-53-14,1638107594,178.26613998413086,41603,766cc67070bd,172.17.0.2,178.26613998413086,0,207
6.039555072784424,4.577975273132324,0.7585999965667725,,False,,,208,b8583_00157,a71cda3b770d40138350e2e5eeeda7a7,2021-11-28_13-53-15,1638107595,179.02473998069763,41603,766cc67070bd,172.17.0.2,179.02473998069763,0,208
6.040031909942627,4.575697898864746,0.7836887836456299,,False,,,209,b8583_00157,a71cda3b770d40138350e2e5eeeda7a7,2021-11-28_13-53-15,1638107595,179.80842876434326,41603,766cc67070bd,172.17.0.2,179.80842876434326,0,209
6.020684242248535,4.573756217956543,0.7706890106201172,,False,,,210,b8583_00157,a71cda3b770d40138350e2e5eeeda7a7,2021-11-28_13-53-16,1638107596,180.57911777496338,41603,766cc67070bd,172.17.0.2,180.57911777496338,0,210
6.029449462890625,4.572573184967041,0.7816877365112305,True,False,,,211,b8583_00157,a71cda3b770d40138350e2e5eeeda7a7,2021-11-28_13-53-17,1638107597,181.3608055114746,41603,766cc67070bd,172.17.0.2,181.3608055114746,0,211
6.024813652038574,4.572362899780273,0.7606534957885742,True,False,,,212,b8583_00157,a71cda3b770d40138350e2e5eeeda7a7,2021-11-28_13-53-18,1638107598,182.12145900726318,41603,766cc67070bd,172.17.0.2,182.12145900726318,0,212
6.026808261871338,4.572483539581299,0.7688860893249512,,False,,,213,b8583_00157,a71cda3b770d40138350e2e5eeeda7a7,2021-11-28_13-53-18,1638107598,182.89034509658813,41603,766cc67070bd,172.17.0.2,182.89034509658813,0,213
6.0174713134765625,4.5717620849609375,0.7447819709777832,True,False,,,214,b8583_00157,a71cda3b770d40138350e2e5eeeda7a7,2021-11-28_13-53-19,1638107599,183.63512706756592,41603,766cc67070bd,172.17.0.2,183.63512706756592,0,214
6.019611358642578,4.571786880493164,0.7456743717193604,,False,,,215,b8583_00157,a71cda3b770d40138350e2e5eeeda7a7,2021-11-28_13-53-20,1638107600,184.38080143928528,41603,766cc67070bd,172.17.0.2,184.38080143928528,0,215
6.042096138000488,4.572415828704834,0.758049488067627,,False,,,216,b8583_00157,a71cda3b770d40138350e2e5eeeda7a7,2021-11-28_13-53-21,1638107601,185.1388509273529,41603,766cc67070bd,172.17.0.2,185.1388509273529,0,216
6.022687911987305,4.57285737991333,0.73258376121521,,False,,,217,b8583_00157,a71cda3b770d40138350e2e5eeeda7a7,2021-11-28_13-53-21,1638107601,185.87143468856812,41603,766cc67070bd,172.17.0.2,185.87143468856812,0,217
6.010796546936035,4.573657989501953,0.7405116558074951,,False,,,218,b8583_00157,a71cda3b770d40138350e2e5eeeda7a7,2021-11-28_13-53-22,1638107602,186.6119463443756,41603,766cc67070bd,172.17.0.2,186.6119463443756,0,218
6.034689426422119,4.574794292449951,0.7175087928771973,,False,,,219,b8583_00157,a71cda3b770d40138350e2e5eeeda7a7,2021-11-28_13-53-23,1638107603,187.3294551372528,41603,766cc67070bd,172.17.0.2,187.3294551372528,0,219
6.031725883483887,4.576461315155029,0.7743656635284424,,False,,,220,b8583_00157,a71cda3b770d40138350e2e5eeeda7a7,2021-11-28_13-53-24,1638107604,188.10382080078125,41603,766cc67070bd,172.17.0.2,188.10382080078125,0,220
6.036678791046143,4.578897476196289,0.7225246429443359,,False,,,221,b8583_00157,a71cda3b770d40138350e2e5eeeda7a7,2021-11-28_13-53-24,1638107604,188.8263454437256,41603,766cc67070bd,172.17.0.2,188.8263454437256,0,221
6.031578540802002,4.58246374130249,0.7215361595153809,,False,,,222,b8583_00157,a71cda3b770d40138350e2e5eeeda7a7,2021-11-28_13-53-25,1638107605,189.54788160324097,41603,766cc67070bd,172.17.0.2,189.54788160324097,0,222
6.018876552581787,4.583070755004883,0.801511287689209,,False,,,223,b8583_00157,a71cda3b770d40138350e2e5eeeda7a7,2021-11-28_13-53-26,1638107606,190.34939289093018,41603,766cc67070bd,172.17.0.2,190.34939289093018,0,223
6.035750389099121,4.582576751708984,0.7348647117614746,,False,,,224,b8583_00157,a71cda3b770d40138350e2e5eeeda7a7,2021-11-28_13-53-27,1638107607,191.08425760269165,41603,766cc67070bd,172.17.0.2,191.08425760269165,0,224
6.037410259246826,4.580611228942871,0.7884969711303711,,False,,,225,b8583_00157,a71cda3b770d40138350e2e5eeeda7a7,2021-11-28_13-53-27,1638107607,191.87275457382202,41603,766cc67070bd,172.17.0.2,191.87275457382202,0,225
6.022497177124023,4.578503131866455,0.8213529586791992,,False,,,226,b8583_00157,a71cda3b770d40138350e2e5eeeda7a7,2021-11-28_13-53-28,1638107608,192.69410753250122,41603,766cc67070bd,172.17.0.2,192.69410753250122,0,226
6.017804145812988,4.576804161071777,0.7933764457702637,,False,,,227,b8583_00157,a71cda3b770d40138350e2e5eeeda7a7,2021-11-28_13-53-29,1638107609,193.48748397827148,41603,766cc67070bd,172.17.0.2,193.48748397827148,0,227
6.028441905975342,4.5748186111450195,0.8573377132415771,,False,,,228,b8583_00157,a71cda3b770d40138350e2e5eeeda7a7,2021-11-28_13-53-30,1638107610,194.34482169151306,41603,766cc67070bd,172.17.0.2,194.34482169151306,0,228
6.020828723907471,4.5713911056518555,0.8604209423065186,True,False,,,229,b8583_00157,a71cda3b770d40138350e2e5eeeda7a7,2021-11-28_13-53-31,1638107611,195.20524263381958,41603,766cc67070bd,172.17.0.2,195.20524263381958,0,229
6.024257659912109,4.569577217102051,0.8695948123931885,True,False,,,230,b8583_00157,a71cda3b770d40138350e2e5eeeda7a7,2021-11-28_13-53-32,1638107612,196.07483744621277,41603,766cc67070bd,172.17.0.2,196.07483744621277,0,230
6.025765895843506,4.568694114685059,0.8727171421051025,True,False,,,231,b8583_00157,a71cda3b770d40138350e2e5eeeda7a7,2021-11-28_13-53-32,1638107612,196.94755458831787,41603,766cc67070bd,172.17.0.2,196.94755458831787,0,231
6.0402512550354,4.568160533905029,0.867088794708252,True,False,,,232,b8583_00157,a71cda3b770d40138350e2e5eeeda7a7,2021-11-28_13-53-33,1638107613,197.81464338302612,41603,766cc67070bd,172.17.0.2,197.81464338302612,0,232
6.011000633239746,4.568112850189209,0.8221142292022705,True,False,,,233,b8583_00157,a71cda3b770d40138350e2e5eeeda7a7,2021-11-28_13-53-34,1638107614,198.6367576122284,41603,766cc67070bd,172.17.0.2,198.6367576122284,0,233
6.041719913482666,4.56870698928833,0.8368892669677734,,False,,,234,b8583_00157,a71cda3b770d40138350e2e5eeeda7a7,2021-11-28_13-53-35,1638107615,199.47364687919617,41603,766cc67070bd,172.17.0.2,199.47364687919617,0,234
6.029953956604004,4.570096015930176,0.7987561225891113,,False,,,235,b8583_00157,a71cda3b770d40138350e2e5eeeda7a7,2021-11-28_13-53-36,1638107616,200.27240300178528,41603,766cc67070bd,172.17.0.2,200.27240300178528,0,235
6.025195598602295,4.5706281661987305,0.859978437423706,,False,,,236,b8583_00157,a71cda3b770d40138350e2e5eeeda7a7,2021-11-28_13-53-37,1638107617,201.13238143920898,41603,766cc67070bd,172.17.0.2,201.13238143920898,0,236
6.019021034240723,4.571359157562256,0.7700893878936768,,False,,,237,b8583_00157,a71cda3b770d40138350e2e5eeeda7a7,2021-11-28_13-53-37,1638107617,201.90247082710266,41603,766cc67070bd,172.17.0.2,201.90247082710266,0,237
6.029205799102783,4.572714328765869,0.7905709743499756,,False,,,238,b8583_00157,a71cda3b770d40138350e2e5eeeda7a7,2021-11-28_13-53-38,1638107618,202.69304180145264,41603,766cc67070bd,172.17.0.2,202.69304180145264,0,238
6.03122091293335,4.573637008666992,0.768136739730835,,False,,,239,b8583_00157,a71cda3b770d40138350e2e5eeeda7a7,2021-11-28_13-53-39,1638107619,203.46117854118347,41603,766cc67070bd,172.17.0.2,203.46117854118347,0,239
6.0268778800964355,4.57405424118042,0.7542552947998047,,False,,,240,b8583_00157,a71cda3b770d40138350e2e5eeeda7a7,2021-11-28_13-53-40,1638107620,204.21543383598328,41603,766cc67070bd,172.17.0.2,204.21543383598328,0,240
6.031874179840088,4.574308395385742,0.7656078338623047,,False,,,241,b8583_00157,a71cda3b770d40138350e2e5eeeda7a7,2021-11-28_13-53-41,1638107621,204.98104166984558,41603,766cc67070bd,172.17.0.2,204.98104166984558,0,241
6.04106330871582,4.5747833251953125,0.8148536682128906,,False,,,242,b8583_00157,a71cda3b770d40138350e2e5eeeda7a7,2021-11-28_13-53-41,1638107621,205.79589533805847,41603,766cc67070bd,172.17.0.2,205.79589533805847,0,242
6.027945041656494,4.573733329772949,0.7661938667297363,,False,,,243,b8583_00157,a71cda3b770d40138350e2e5eeeda7a7,2021-11-28_13-53-42,1638107622,206.5620892047882,41603,766cc67070bd,172.17.0.2,206.5620892047882,0,243
6.033843040466309,4.572988986968994,0.7295300960540771,,False,,,244,b8583_00157,a71cda3b770d40138350e2e5eeeda7a7,2021-11-28_13-53-43,1638107623,207.29161930084229,41603,766cc67070bd,172.17.0.2,207.29161930084229,0,244
6.03192663192749,4.572194576263428,0.8088746070861816,,False,,,245,b8583_00157,a71cda3b770d40138350e2e5eeeda7a7,2021-11-28_13-53-44,1638107624,208.10049390792847,41603,766cc67070bd,172.17.0.2,208.10049390792847,0,245
6.024642467498779,4.571032524108887,0.7383074760437012,,False,,,246,b8583_00157,a71cda3b770d40138350e2e5eeeda7a7,2021-11-28_13-53-44,1638107624,208.83880138397217,41603,766cc67070bd,172.17.0.2,208.83880138397217,0,246
6.033159255981445,4.569676399230957,0.8096983432769775,,False,,,247,b8583_00157,a71cda3b770d40138350e2e5eeeda7a7,2021-11-28_13-53-45,1638107625,209.64849972724915,41603,766cc67070bd,172.17.0.2,209.64849972724915,0,247
6.024026393890381,4.568566799163818,0.7385993003845215,,False,,,248,b8583_00157,a71cda3b770d40138350e2e5eeeda7a7,2021-11-28_13-53-46,1638107626,210.38709902763367,41603,766cc67070bd,172.17.0.2,210.38709902763367,0,248
6.027782917022705,4.5694966316223145,0.8596315383911133,,False,,,249,b8583_00157,a71cda3b770d40138350e2e5eeeda7a7,2021-11-28_13-53-47,1638107627,211.24673056602478,41603,766cc67070bd,172.17.0.2,211.24673056602478,0,249
6.014942169189453,4.5714826583862305,0.8031494617462158,,False,,,250,b8583_00157,a71cda3b770d40138350e2e5eeeda7a7,2021-11-28_13-53-48,1638107628,212.049880027771,41603,766cc67070bd,172.17.0.2,212.049880027771,0,250
6.0062127113342285,4.572333812713623,0.7755100727081299,,False,,,251,b8583_00157,a71cda3b770d40138350e2e5eeeda7a7,2021-11-28_13-53-48,1638107628,212.82539010047913,41603,766cc67070bd,172.17.0.2,212.82539010047913,0,251
6.03600549697876,4.572140693664551,0.7938802242279053,,False,,,252,b8583_00157,a71cda3b770d40138350e2e5eeeda7a7,2021-11-28_13-53-49,1638107629,213.61927032470703,41603,766cc67070bd,172.17.0.2,213.61927032470703,0,252
6.030857563018799,4.5721435546875,0.7797811031341553,,False,,,253,b8583_00157,a71cda3b770d40138350e2e5eeeda7a7,2021-11-28_13-53-50,1638107630,214.3990514278412,41603,766cc67070bd,172.17.0.2,214.3990514278412,0,253
6.025949954986572,4.573122501373291,0.7837667465209961,,False,,,254,b8583_00157,a71cda3b770d40138350e2e5eeeda7a7,2021-11-28_13-53-51,1638107631,215.18281817436218,41603,766cc67070bd,172.17.0.2,215.18281817436218,0,254
6.019526481628418,4.574607849121094,0.7980120182037354,,False,,,255,b8583_00157,a71cda3b770d40138350e2e5eeeda7a7,2021-11-28_13-53-52,1638107632,215.98083019256592,41603,766cc67070bd,172.17.0.2,215.98083019256592,0,255
6.026479721069336,4.574885368347168,0.7807197570800781,,False,,,256,b8583_00157,a71cda3b770d40138350e2e5eeeda7a7,2021-11-28_13-53-52,1638107632,216.761549949646,41603,766cc67070bd,172.17.0.2,216.761549949646,0,256
6.0335540771484375,4.5746684074401855,0.7895529270172119,,False,,,257,b8583_00157,a71cda3b770d40138350e2e5eeeda7a7,2021-11-28_13-53-53,1638107633,217.5511028766632,41603,766cc67070bd,172.17.0.2,217.5511028766632,0,257
6.021355628967285,4.573909282684326,0.7899343967437744,,False,,,258,b8583_00157,a71cda3b770d40138350e2e5eeeda7a7,2021-11-28_13-53-54,1638107634,218.34103727340698,41603,766cc67070bd,172.17.0.2,218.34103727340698,0,258
6.008906841278076,4.572657108306885,0.742394208908081,,False,,,259,b8583_00157,a71cda3b770d40138350e2e5eeeda7a7,2021-11-28_13-53-55,1638107635,219.08343148231506,41603,766cc67070bd,172.17.0.2,219.08343148231506,0,259
6.037468433380127,4.571441173553467,0.811455488204956,,False,,,260,b8583_00157,a71cda3b770d40138350e2e5eeeda7a7,2021-11-28_13-53-55,1638107635,219.89488697052002,41603,766cc67070bd,172.17.0.2,219.89488697052002,0,260
6.0322465896606445,4.570385456085205,0.7868354320526123,,False,,,261,b8583_00157,a71cda3b770d40138350e2e5eeeda7a7,2021-11-28_13-53-56,1638107636,220.68172240257263,41603,766cc67070bd,172.17.0.2,220.68172240257263,0,261
6.023052215576172,4.568108081817627,0.8338000774383545,True,False,,,262,b8583_00157,a71cda3b770d40138350e2e5eeeda7a7,2021-11-28_13-53-57,1638107637,221.515522480011,41603,766cc67070bd,172.17.0.2,221.515522480011,0,262
6.0428786277771,4.566876411437988,0.759249210357666,True,False,,,263,b8583_00157,a71cda3b770d40138350e2e5eeeda7a7,2021-11-28_13-53-58,1638107638,222.27477169036865,41603,766cc67070bd,172.17.0.2,222.27477169036865,0,263
6.028326988220215,4.565786838531494,0.76904296875,True,False,,,264,b8583_00157,a71cda3b770d40138350e2e5eeeda7a7,2021-11-28_13-53-59,1638107639,223.04381465911865,41603,766cc67070bd,172.17.0.2,223.04381465911865,0,264
6.032753944396973,4.5643720626831055,0.7505683898925781,True,False,,,265,b8583_00157,a71cda3b770d40138350e2e5eeeda7a7,2021-11-28_13-53-59,1638107639,223.79438304901123,41603,766cc67070bd,172.17.0.2,223.79438304901123,0,265
6.023576736450195,4.56440544128418,0.7615652084350586,,False,,,266,b8583_00157,a71cda3b770d40138350e2e5eeeda7a7,2021-11-28_13-54-00,1638107640,224.5559482574463,41603,766cc67070bd,172.17.0.2,224.5559482574463,0,266
6.020495891571045,4.564085483551025,0.8118255138397217,True,False,,,267,b8583_00157,a71cda3b770d40138350e2e5eeeda7a7,2021-11-28_13-54-01,1638107641,225.367773771286,41603,766cc67070bd,172.17.0.2,225.367773771286,0,267
6.01619291305542,4.563156604766846,0.758983850479126,True,False,,,268,b8583_00157,a71cda3b770d40138350e2e5eeeda7a7,2021-11-28_13-54-02,1638107642,226.12675762176514,41603,766cc67070bd,172.17.0.2,226.12675762176514,0,268
6.026225566864014,4.562029838562012,0.7539000511169434,True,False,,,269,b8583_00157,a71cda3b770d40138350e2e5eeeda7a7,2021-11-28_13-54-02,1638107642,226.88065767288208,41603,766cc67070bd,172.17.0.2,226.88065767288208,0,269
6.030340671539307,4.561789512634277,0.7487697601318359,True,False,,,270,b8583_00157,a71cda3b770d40138350e2e5eeeda7a7,2021-11-28_13-54-03,1638107643,227.62942743301392,41603,766cc67070bd,172.17.0.2,227.62942743301392,0,270
6.013777256011963,4.561762809753418,0.8074002265930176,True,False,,,271,b8583_00157,a71cda3b770d40138350e2e5eeeda7a7,2021-11-28_13-54-04,1638107644,228.43682765960693,41603,766cc67070bd,172.17.0.2,228.43682765960693,0,271
6.0197858810424805,4.562620162963867,0.7412240505218506,,False,,,272,b8583_00157,a71cda3b770d40138350e2e5eeeda7a7,2021-11-28_13-54-05,1638107645,229.17805171012878,41603,766cc67070bd,172.17.0.2,229.17805171012878,0,272
6.011960506439209,4.564432144165039,0.775381326675415,,False,,,273,b8583_00157,a71cda3b770d40138350e2e5eeeda7a7,2021-11-28_13-54-06,1638107646,229.9534330368042,41603,766cc67070bd,172.17.0.2,229.9534330368042,0,273
6.031005382537842,4.5655436515808105,0.782757043838501,,False,,,274,b8583_00157,a71cda3b770d40138350e2e5eeeda7a7,2021-11-28_13-54-06,1638107646,230.7361900806427,41603,766cc67070bd,172.17.0.2,230.7361900806427,0,274
6.024330139160156,4.5675153732299805,0.7453720569610596,,False,,,275,b8583_00157,a71cda3b770d40138350e2e5eeeda7a7,2021-11-28_13-54-07,1638107647,231.48156213760376,41603,766cc67070bd,172.17.0.2,231.48156213760376,0,275
6.034224987030029,4.57108736038208,0.8055226802825928,,False,,,276,b8583_00157,a71cda3b770d40138350e2e5eeeda7a7,2021-11-28_13-54-08,1638107648,232.28708481788635,41603,766cc67070bd,172.17.0.2,232.28708481788635,0,276
6.026234149932861,4.573659420013428,0.7901692390441895,,False,,,277,b8583_00157,a71cda3b770d40138350e2e5eeeda7a7,2021-11-28_13-54-09,1638107649,233.07725405693054,41603,766cc67070bd,172.17.0.2,233.07725405693054,0,277
6.0049052238464355,4.574791431427002,0.7846088409423828,,False,,,278,b8583_00157,a71cda3b770d40138350e2e5eeeda7a7,2021-11-28_13-54-09,1638107649,233.86186289787292,41603,766cc67070bd,172.17.0.2,233.86186289787292,0,278
6.024081707000732,4.572340488433838,0.7910575866699219,,False,,,279,b8583_00157,a71cda3b770d40138350e2e5eeeda7a7,2021-11-28_13-54-10,1638107650,234.65292048454285,41603,766cc67070bd,172.17.0.2,234.65292048454285,0,279
6.019879341125488,4.569072723388672,0.781475305557251,,False,,,280,b8583_00157,a71cda3b770d40138350e2e5eeeda7a7,2021-11-28_13-54-11,1638107651,235.4343957901001,41603,766cc67070bd,172.17.0.2,235.4343957901001,0,280
6.001113414764404,4.566223621368408,0.8094015121459961,,False,,,281,b8583_00157,a71cda3b770d40138350e2e5eeeda7a7,2021-11-28_13-54-12,1638107652,236.2437973022461,41603,766cc67070bd,172.17.0.2,236.2437973022461,0,281
6.002837657928467,4.564525604248047,0.7424547672271729,,False,,,282,b8583_00157,a71cda3b770d40138350e2e5eeeda7a7,2021-11-28_13-54-13,1638107653,236.98625206947327,41603,766cc67070bd,172.17.0.2,236.98625206947327,0,282
6.036461353302002,4.564481735229492,0.7652699947357178,,False,,,283,b8583_00157,a71cda3b770d40138350e2e5eeeda7a7,2021-11-28_13-54-13,1638107653,237.75152206420898,41603,766cc67070bd,172.17.0.2,237.75152206420898,0,283
6.021800994873047,4.56565523147583,0.7711565494537354,,False,,,284,b8583_00157,a71cda3b770d40138350e2e5eeeda7a7,2021-11-28_13-54-14,1638107654,238.52267861366272,41603,766cc67070bd,172.17.0.2,238.52267861366272,0,284
6.028748512268066,4.565730094909668,0.7672464847564697,,False,,,285,b8583_00157,a71cda3b770d40138350e2e5eeeda7a7,2021-11-28_13-54-15,1638107655,239.2899250984192,41603,766cc67070bd,172.17.0.2,239.2899250984192,0,285
6.018853664398193,4.567751884460449,0.7766866683959961,,False,,,286,b8583_00157,a71cda3b770d40138350e2e5eeeda7a7,2021-11-28_13-54-16,1638107656,240.06661176681519,41603,766cc67070bd,172.17.0.2,240.06661176681519,0,286
6.022306442260742,4.569706916809082,0.7507901191711426,,False,,,287,b8583_00157,a71cda3b770d40138350e2e5eeeda7a7,2021-11-28_13-54-16,1638107656,240.81740188598633,41603,766cc67070bd,172.17.0.2,240.81740188598633,0,287
6.020785331726074,4.5708417892456055,0.7752327919006348,,False,,,288,b8583_00157,a71cda3b770d40138350e2e5eeeda7a7,2021-11-28_13-54-17,1638107657,241.59263467788696,41603,766cc67070bd,172.17.0.2,241.59263467788696,0,288
6.023505210876465,4.571084022521973,0.7959027290344238,,False,,,289,b8583_00157,a71cda3b770d40138350e2e5eeeda7a7,2021-11-28_13-54-18,1638107658,242.3885374069214,41603,766cc67070bd,172.17.0.2,242.3885374069214,0,289
6.003190040588379,4.571434020996094,0.7473189830780029,,False,,,290,b8583_00157,a71cda3b770d40138350e2e5eeeda7a7,2021-11-28_13-54-19,1638107659,243.1358563899994,41603,766cc67070bd,172.17.0.2,243.1358563899994,0,290
6.011338710784912,4.570917129516602,0.7636182308197021,,False,,,291,b8583_00157,a71cda3b770d40138350e2e5eeeda7a7,2021-11-28_13-54-19,1638107659,243.8994746208191,41603,766cc67070bd,172.17.0.2,243.8994746208191,0,291
6.0177812576293945,4.570506572723389,0.7483572959899902,,False,,,292,b8583_00157,a71cda3b770d40138350e2e5eeeda7a7,2021-11-28_13-54-20,1638107660,244.64783191680908,41603,766cc67070bd,172.17.0.2,244.64783191680908,0,292
6.025964260101318,4.569957256317139,0.7436695098876953,,False,,,293,b8583_00157,a71cda3b770d40138350e2e5eeeda7a7,2021-11-28_13-54-21,1638107661,245.39150142669678,41603,766cc67070bd,172.17.0.2,245.39150142669678,0,293
6.008410930633545,4.567642688751221,0.7661762237548828,,False,,,294,b8583_00157,a71cda3b770d40138350e2e5eeeda7a7,2021-11-28_13-54-22,1638107662,246.15767765045166,41603,766cc67070bd,172.17.0.2,246.15767765045166,0,294
6.015427112579346,4.565585136413574,0.7920122146606445,,False,,,295,b8583_00157,a71cda3b770d40138350e2e5eeeda7a7,2021-11-28_13-54-23,1638107663,246.9496898651123,41603,766cc67070bd,172.17.0.2,246.9496898651123,0,295
6.018628120422363,4.563982963562012,0.7526471614837646,,False,,,296,b8583_00157,a71cda3b770d40138350e2e5eeeda7a7,2021-11-28_13-54-23,1638107663,247.70233702659607,41603,766cc67070bd,172.17.0.2,247.70233702659607,0,296
6.0130462646484375,4.563518524169922,0.7593696117401123,,False,,,297,b8583_00157,a71cda3b770d40138350e2e5eeeda7a7,2021-11-28_13-54-24,1638107664,248.46170663833618,41603,766cc67070bd,172.17.0.2,248.46170663833618,0,297
6.020796298980713,4.5640668869018555,0.7734193801879883,,False,,,298,b8583_00157,a71cda3b770d40138350e2e5eeeda7a7,2021-11-28_13-54-25,1638107665,249.23512601852417,41603,766cc67070bd,172.17.0.2,249.23512601852417,0,298
6.018256664276123,4.565803527832031,0.7435405254364014,,False,,,299,b8583_00157,a71cda3b770d40138350e2e5eeeda7a7,2021-11-28_13-54-26,1638107666,249.97866654396057,41603,766cc67070bd,172.17.0.2,249.97866654396057,0,299
6.007037162780762,4.567620277404785,0.7357380390167236,,False,,,300,b8583_00157,a71cda3b770d40138350e2e5eeeda7a7,2021-11-28_13-54-26,1638107666,250.7144045829773,41603,766cc67070bd,172.17.0.2,250.7144045829773,0,300
6.023388862609863,4.57011604309082,0.7565889358520508,,False,,,301,b8583_00157,a71cda3b770d40138350e2e5eeeda7a7,2021-11-28_13-54-27,1638107667,251.47099351882935,41603,766cc67070bd,172.17.0.2,251.47099351882935,0,301
6.022058963775635,4.57107400894165,0.7530856132507324,,False,,,302,b8583_00157,a71cda3b770d40138350e2e5eeeda7a7,2021-11-28_13-54-28,1638107668,252.22407913208008,41603,766cc67070bd,172.17.0.2,252.22407913208008,0,302
6.020022869110107,4.568409442901611,0.7394733428955078,,False,,,303,b8583_00157,a71cda3b770d40138350e2e5eeeda7a7,2021-11-28_13-54-29,1638107669,252.9635524749756,41603,766cc67070bd,172.17.0.2,252.9635524749756,0,303
6.000113487243652,4.565651893615723,0.7887470722198486,,False,,,304,b8583_00157,a71cda3b770d40138350e2e5eeeda7a7,2021-11-28_13-54-29,1638107669,253.75229954719543,41603,766cc67070bd,172.17.0.2,253.75229954719543,0,304
6.000370025634766,4.563419818878174,0.7472069263458252,,False,,,305,b8583_00157,a71cda3b770d40138350e2e5eeeda7a7,2021-11-28_13-54-30,1638107670,254.49950647354126,41603,766cc67070bd,172.17.0.2,254.49950647354126,0,305
6.033547401428223,4.561273574829102,0.7691874504089355,True,False,,,306,b8583_00157,a71cda3b770d40138350e2e5eeeda7a7,2021-11-28_13-54-31,1638107671,255.2686939239502,41603,766cc67070bd,172.17.0.2,255.2686939239502,0,306
6.0074615478515625,4.559889793395996,0.7552285194396973,True,False,,,307,b8583_00157,a71cda3b770d40138350e2e5eeeda7a7,2021-11-28_13-54-32,1638107672,256.0239224433899,41603,766cc67070bd,172.17.0.2,256.0239224433899,0,307
6.016195774078369,4.559879302978516,0.769538402557373,True,False,,,308,b8583_00157,a71cda3b770d40138350e2e5eeeda7a7,2021-11-28_13-54-32,1638107672,256.79346084594727,41603,766cc67070bd,172.17.0.2,256.79346084594727,0,308
6.040926933288574,4.561375617980957,0.7639656066894531,,False,,,309,b8583_00157,a71cda3b770d40138350e2e5eeeda7a7,2021-11-28_13-54-33,1638107673,257.5574264526367,41603,766cc67070bd,172.17.0.2,257.5574264526367,0,309
6.018217086791992,4.562709808349609,0.7735257148742676,,False,,,310,b8583_00157,a71cda3b770d40138350e2e5eeeda7a7,2021-11-28_13-54-34,1638107674,258.330952167511,41603,766cc67070bd,172.17.0.2,258.330952167511,0,310
6.016369819641113,4.563563346862793,0.7656593322753906,,False,,,311,b8583_00157,a71cda3b770d40138350e2e5eeeda7a7,2021-11-28_13-54-35,1638107675,259.0966114997864,41603,766cc67070bd,172.17.0.2,259.0966114997864,0,311
6.018790245056152,4.563669681549072,0.7594292163848877,,False,,,312,b8583_00157,a71cda3b770d40138350e2e5eeeda7a7,2021-11-28_13-54-35,1638107675,259.85604071617126,41603,766cc67070bd,172.17.0.2,259.85604071617126,0,312
6.026005268096924,4.564489364624023,0.760807991027832,,False,,,313,b8583_00157,a71cda3b770d40138350e2e5eeeda7a7,2021-11-28_13-54-36,1638107676,260.6168487071991,41603,766cc67070bd,172.17.0.2,260.6168487071991,0,313
5.99757719039917,4.565256118774414,0.7571413516998291,,False,,,314,b8583_00157,a71cda3b770d40138350e2e5eeeda7a7,2021-11-28_13-54-37,1638107677,261.3739900588989,41603,766cc67070bd,172.17.0.2,261.3739900588989,0,314
6.02756404876709,4.56722354888916,0.7564558982849121,,False,,,315,b8583_00157,a71cda3b770d40138350e2e5eeeda7a7,2021-11-28_13-54-38,1638107678,262.13044595718384,41603,766cc67070bd,172.17.0.2,262.13044595718384,0,315
6.022685527801514,4.570249557495117,0.7622387409210205,,False,,,316,b8583_00157,a71cda3b770d40138350e2e5eeeda7a7,2021-11-28_13-54-38,1638107678,262.89268469810486,41603,766cc67070bd,172.17.0.2,262.89268469810486,0,316
6.0157470703125,4.571937561035156,0.7982692718505859,,False,,,317,b8583_00157,a71cda3b770d40138350e2e5eeeda7a7,2021-11-28_13-54-39,1638107679,263.69095396995544,41603,766cc67070bd,172.17.0.2,263.69095396995544,0,317
6.017454624176025,4.57253360748291,0.7542726993560791,,False,,,318,b8583_00157,a71cda3b770d40138350e2e5eeeda7a7,2021-11-28_13-54-40,1638107680,264.4452266693115,41603,766cc67070bd,172.17.0.2,264.4452266693115,0,318
6.021569728851318,4.572535514831543,0.7634739875793457,,False,,,319,b8583_00157,a71cda3b770d40138350e2e5eeeda7a7,2021-11-28_13-54-41,1638107681,265.20870065689087,41603,766cc67070bd,172.17.0.2,265.20870065689087,0,319
6.00996208190918,4.572093486785889,0.7981626987457275,,False,,,320,b8583_00157,a71cda3b770d40138350e2e5eeeda7a7,2021-11-28_13-54-42,1638107682,266.0068633556366,41603,766cc67070bd,172.17.0.2,266.0068633556366,0,320
6.025330543518066,4.570814609527588,0.8077402114868164,,False,,,321,b8583_00157,a71cda3b770d40138350e2e5eeeda7a7,2021-11-28_13-54-42,1638107682,266.8146035671234,41603,766cc67070bd,172.17.0.2,266.8146035671234,0,321
6.012716293334961,4.568399429321289,0.7633101940155029,,False,,,322,b8583_00157,a71cda3b770d40138350e2e5eeeda7a7,2021-11-28_13-54-43,1638107683,267.5779137611389,41603,766cc67070bd,172.17.0.2,267.5779137611389,0,322
6.014400482177734,4.566041469573975,0.8139369487762451,,False,,,323,b8583_00157,a71cda3b770d40138350e2e5eeeda7a7,2021-11-28_13-54-44,1638107684,268.39185070991516,41603,766cc67070bd,172.17.0.2,268.39185070991516,0,323
6.0268659591674805,4.564847946166992,0.8057615756988525,,False,,,324,b8583_00157,a71cda3b770d40138350e2e5eeeda7a7,2021-11-28_13-54-45,1638107685,269.197612285614,41603,766cc67070bd,172.17.0.2,269.197612285614,0,324
6.0085649490356445,4.563320636749268,0.7593333721160889,,False,,,325,b8583_00157,a71cda3b770d40138350e2e5eeeda7a7,2021-11-28_13-54-46,1638107686,269.9569456577301,41603,766cc67070bd,172.17.0.2,269.9569456577301,0,325
6.014549255371094,4.56275749206543,0.7652587890625,,False,,,326,b8583_00157,a71cda3b770d40138350e2e5eeeda7a7,2021-11-28_13-54-46,1638107686,270.7222044467926,41603,766cc67070bd,172.17.0.2,270.7222044467926,0,326
6.0238518714904785,4.5613908767700195,0.7702584266662598,,False,,,327,b8583_00157,a71cda3b770d40138350e2e5eeeda7a7,2021-11-28_13-54-47,1638107687,271.49246287345886,41603,766cc67070bd,172.17.0.2,271.49246287345886,0,327
6.029779434204102,4.561899185180664,0.753042459487915,,False,,,328,b8583_00157,a71cda3b770d40138350e2e5eeeda7a7,2021-11-28_13-54-48,1638107688,272.2455053329468,41603,766cc67070bd,172.17.0.2,272.2455053329468,0,328
6.019432067871094,4.562158584594727,0.7458581924438477,,False,,,329,b8583_00157,a71cda3b770d40138350e2e5eeeda7a7,2021-11-28_13-54-49,1638107689,272.9913635253906,41603,766cc67070bd,172.17.0.2,272.9913635253906,0,329
6.00689172744751,4.56192684173584,0.8014342784881592,,False,,,330,b8583_00157,a71cda3b770d40138350e2e5eeeda7a7,2021-11-28_13-54-49,1638107689,273.7927978038788,41603,766cc67070bd,172.17.0.2,273.7927978038788,0,330
6.016095161437988,4.564121246337891,0.765455961227417,,False,,,331,b8583_00157,a71cda3b770d40138350e2e5eeeda7a7,2021-11-28_13-54-50,1638107690,274.5582537651062,41603,766cc67070bd,172.17.0.2,274.5582537651062,0,331
6.0044636726379395,4.567682266235352,0.759803056716919,,False,,,332,b8583_00157,a71cda3b770d40138350e2e5eeeda7a7,2021-11-28_13-54-51,1638107691,275.3180568218231,41603,766cc67070bd,172.17.0.2,275.3180568218231,0,332
6.014198303222656,4.571311950683594,0.7691073417663574,,False,,,333,b8583_00157,a71cda3b770d40138350e2e5eeeda7a7,2021-11-28_13-54-52,1638107692,276.0871641635895,41603,766cc67070bd,172.17.0.2,276.0871641635895,0,333
6.003151893615723,4.574307441711426,0.761744499206543,,False,,,334,b8583_00157,a71cda3b770d40138350e2e5eeeda7a7,2021-11-28_13-54-52,1638107692,276.848908662796,41603,766cc67070bd,172.17.0.2,276.848908662796,0,334
6.004919052124023,4.576348781585693,0.783245325088501,,False,,,335,b8583_00157,a71cda3b770d40138350e2e5eeeda7a7,2021-11-28_13-54-53,1638107693,277.6321539878845,41603,766cc67070bd,172.17.0.2,277.6321539878845,0,335
6.009713649749756,4.576663494110107,0.7408871650695801,,False,,,336,b8583_00157,a71cda3b770d40138350e2e5eeeda7a7,2021-11-28_13-54-54,1638107694,278.3730411529541,41603,766cc67070bd,172.17.0.2,278.3730411529541,0,336
6.013682842254639,4.576972007751465,0.7433273792266846,,False,,,337,b8583_00157,a71cda3b770d40138350e2e5eeeda7a7,2021-11-28_13-54-55,1638107695,279.1163685321808,41603,766cc67070bd,172.17.0.2,279.1163685321808,0,337
6.029042720794678,4.575988292694092,0.8041231632232666,,False,,,338,b8583_00157,a71cda3b770d40138350e2e5eeeda7a7,2021-11-28_13-54-55,1638107695,279.92049169540405,41603,766cc67070bd,172.17.0.2,279.92049169540405,0,338
6.025620460510254,4.574134826660156,0.7764134407043457,,False,,,339,b8583_00157,a71cda3b770d40138350e2e5eeeda7a7,2021-11-28_13-54-56,1638107696,280.6969051361084,41603,766cc67070bd,172.17.0.2,280.6969051361084,0,339
6.00787878036499,4.5723652839660645,0.7726931571960449,,False,,,340,b8583_00157,a71cda3b770d40138350e2e5eeeda7a7,2021-11-28_13-54-57,1638107697,281.46959829330444,41603,766cc67070bd,172.17.0.2,281.46959829330444,0,340
6.014487266540527,4.572846412658691,0.759573221206665,,False,,,341,b8583_00157,a71cda3b770d40138350e2e5eeeda7a7,2021-11-28_13-54-58,1638107698,282.2291715145111,41603,766cc67070bd,172.17.0.2,282.2291715145111,0,341
6.021728515625,4.5735063552856445,0.7514386177062988,,False,,,342,b8583_00157,a71cda3b770d40138350e2e5eeeda7a7,2021-11-28_13-54-59,1638107699,282.9806101322174,41603,766cc67070bd,172.17.0.2,282.9806101322174,0,342
6.018199443817139,4.575138092041016,0.7510833740234375,,False,,,343,b8583_00157,a71cda3b770d40138350e2e5eeeda7a7,2021-11-28_13-54-59,1638107699,283.73169350624084,41603,766cc67070bd,172.17.0.2,283.73169350624084,0,343
6.0240478515625,4.575259685516357,0.7480885982513428,,False,,,344,b8583_00157,a71cda3b770d40138350e2e5eeeda7a7,2021-11-28_13-55-00,1638107700,284.4797821044922,41603,766cc67070bd,172.17.0.2,284.4797821044922,0,344
6.012989521026611,4.577168941497803,0.7845375537872314,,False,,,345,b8583_00157,a71cda3b770d40138350e2e5eeeda7a7,2021-11-28_13-55-01,1638107701,285.2643196582794,41603,766cc67070bd,172.17.0.2,285.2643196582794,0,345
6.009956359863281,4.578862190246582,0.7500016689300537,,False,,,346,b8583_00157,a71cda3b770d40138350e2e5eeeda7a7,2021-11-28_13-55-02,1638107702,286.0143213272095,41603,766cc67070bd,172.17.0.2,286.0143213272095,0,346
6.015402317047119,4.581259727478027,0.777205228805542,,False,,,347,b8583_00157,a71cda3b770d40138350e2e5eeeda7a7,2021-11-28_13-55-02,1638107702,286.791526556015,41603,766cc67070bd,172.17.0.2,286.791526556015,0,347
6.0154266357421875,4.582372665405273,0.7927546501159668,,False,,,348,b8583_00157,a71cda3b770d40138350e2e5eeeda7a7,2021-11-28_13-55-03,1638107703,287.584281206131,41603,766cc67070bd,172.17.0.2,287.584281206131,0,348
6.030406475067139,4.580134868621826,0.7809536457061768,,False,,,349,b8583_00157,a71cda3b770d40138350e2e5eeeda7a7,2021-11-28_13-55-04,1638107704,288.36523485183716,41603,766cc67070bd,172.17.0.2,288.36523485183716,0,349
6.01394510269165,4.577167987823486,0.800499677658081,,False,,,350,b8583_00157,a71cda3b770d40138350e2e5eeeda7a7,2021-11-28_13-55-05,1638107705,289.16573452949524,41603,766cc67070bd,172.17.0.2,289.16573452949524,0,350
6.021931171417236,4.575289726257324,0.7672159671783447,,False,,,351,b8583_00157,a71cda3b770d40138350e2e5eeeda7a7,2021-11-28_13-55-05,1638107705,289.9329504966736,41603,766cc67070bd,172.17.0.2,289.9329504966736,0,351
6.00116491317749,4.574838638305664,0.830632209777832,,False,,,352,b8583_00157,a71cda3b770d40138350e2e5eeeda7a7,2021-11-28_13-55-06,1638107706,290.7635827064514,41603,766cc67070bd,172.17.0.2,290.7635827064514,0,352
6.022116184234619,4.5753326416015625,0.7777833938598633,,False,,,353,b8583_00157,a71cda3b770d40138350e2e5eeeda7a7,2021-11-28_13-55-07,1638107707,291.5413661003113,41603,766cc67070bd,172.17.0.2,291.5413661003113,0,353
6.01386833190918,4.5744194984436035,0.7690720558166504,,False,,,354,b8583_00157,a71cda3b770d40138350e2e5eeeda7a7,2021-11-28_13-55-08,1638107708,292.31043815612793,41603,766cc67070bd,172.17.0.2,292.31043815612793,0,354
6.0264787673950195,4.574712753295898,0.7581570148468018,,False,,,355,b8583_00157,a71cda3b770d40138350e2e5eeeda7a7,2021-11-28_13-55-09,1638107709,293.06859517097473,41603,766cc67070bd,172.17.0.2,293.06859517097473,0,355
6.029440402984619,4.573156356811523,0.7623870372772217,,False,,,356,b8583_00157,a71cda3b770d40138350e2e5eeeda7a7,2021-11-28_13-55-09,1638107709,293.83098220825195,41603,766cc67070bd,172.17.0.2,293.83098220825195,0,356
6.019711971282959,4.575889587402344,0.7518959045410156,,False,,,357,b8583_00157,a71cda3b770d40138350e2e5eeeda7a7,2021-11-28_13-55-10,1638107710,294.58287811279297,41603,766cc67070bd,172.17.0.2,294.58287811279297,0,357
6.003787994384766,4.5783843994140625,0.7573637962341309,,False,,,358,b8583_00157,a71cda3b770d40138350e2e5eeeda7a7,2021-11-28_13-55-11,1638107711,295.3402419090271,41603,766cc67070bd,172.17.0.2,295.3402419090271,0,358
6.014491558074951,4.580162048339844,0.780017614364624,,False,,,359,b8583_00157,a71cda3b770d40138350e2e5eeeda7a7,2021-11-28_13-55-12,1638107712,296.1202595233917,41603,766cc67070bd,172.17.0.2,296.1202595233917,0,359
